OPPBIMDH_04926	SSBG_00479	28.571	210	140	3	24	229	9	212	2.69e-16	68.6
OPPBIMDH_04926	SSBG_00513	30.952	42	27	1	10	49	179	220	1.8	20.0
OPPBIMDH_04926	SSBG_00501	37.931	29	18	0	76	104	273	301	4.1	18.9
OPPBIMDH_04926	SSBG_00511	36.000	25	16	0	111	135	161	185	5.0	18.9
OPPBIMDH_04926	SSBG_00500	41.667	12	7	0	54	65	9	20	9.6	17.7
OPPBIMDH_04927	SSBG_00505	31.429	35	24	0	46	80	166	200	0.51	21.9
OPPBIMDH_04927	SSBG_00494	25.490	51	38	0	58	108	197	247	2.3	20.0
OPPBIMDH_04927	SSBG_00489	55.556	9	4	0	74	82	241	249	8.0	18.1
OPPBIMDH_04928	SSBG_00496	37.066	259	132	5	11	245	7	258	3.84e-36	120
OPPBIMDH_04928	SSBG_00508	30.000	180	115	4	77	247	98	275	1.32e-14	62.8
OPPBIMDH_04928	SSBG_00485	29.851	67	34	3	59	115	78	141	1.2	20.8
OPPBIMDH_04928	SSBG_00485	28.571	28	20	0	99	126	256	283	8.4	18.1
OPPBIMDH_04928	SSBG_00500	51.852	27	12	1	11	37	11	36	2.0	20.0
OPPBIMDH_04928	SSBG_00493	61.538	13	5	0	87	99	400	412	3.9	18.9
OPPBIMDH_04928	SSBG_00512	31.707	41	25	1	45	85	86	123	4.2	18.9
OPPBIMDH_04928	SSBG_00491	41.667	24	12	1	1	22	158	181	5.0	18.5
OPPBIMDH_04928	SSBG_00505	25.581	43	31	1	171	213	15	56	5.8	18.5
OPPBIMDH_04928	SSBG_00498	53.333	15	7	0	127	141	318	332	9.2	17.7
OPPBIMDH_04929	SSBG_00502	31.481	54	34	1	300	350	314	367	1.3	21.6
OPPBIMDH_04929	SSBG_00513	25.000	56	35	1	325	373	55	110	3.1	20.4
OPPBIMDH_04929	SSBG_00513	34.286	35	20	1	259	290	370	404	4.6	19.6
OPPBIMDH_04929	SSBG_00510	28.421	95	56	4	12	106	7	89	4.1	20.0
OPPBIMDH_04929	SSBG_00512	57.895	19	6	1	367	385	27	43	7.3	18.9
OPPBIMDH_04930	SSBG_00514	35.714	42	27	0	89	130	276	317	0.16	23.5
OPPBIMDH_04930	SSBG_00510	34.426	61	34	2	209	266	269	326	0.69	21.6
OPPBIMDH_04930	SSBG_00510	31.707	41	27	1	228	268	35	74	2.8	19.6
OPPBIMDH_04930	SSBG_00488	23.529	51	37	1	97	145	79	129	1.8	19.6
OPPBIMDH_04930	SSBG_00488	45.000	20	11	0	243	262	34	53	2.8	19.2
OPPBIMDH_04930	SSBG_00513	25.806	31	23	0	89	119	74	104	1.9	20.0
OPPBIMDH_04930	SSBG_00513	54.545	11	5	0	235	245	113	123	4.4	18.9
OPPBIMDH_04930	SSBG_00497	32.000	25	17	0	36	60	85	109	5.5	18.5
OPPBIMDH_04930	SSBG_00505	42.857	35	16	2	88	122	99	129	6.3	18.5
OPPBIMDH_04931	SSBG_00485	30.159	63	42	2	92	153	26	87	1.2	19.6
OPPBIMDH_04931	SSBG_00485	45.000	20	11	0	44	63	220	239	3.1	18.5
OPPBIMDH_04931	SSBG_00503	36.842	19	12	0	96	114	272	290	1.8	19.2
OPPBIMDH_04931	SSBG_00493	87.500	8	1	0	65	72	261	268	3.3	18.5
OPPBIMDH_04931	SSBG_00498	34.375	32	20	1	4	35	408	438	4.4	18.1
OPPBIMDH_04931	SSBG_00483	34.783	46	27	1	40	85	35	77	6.1	17.3
OPPBIMDH_04931	SSBG_00497	33.333	21	14	0	129	149	282	302	9.0	16.9
OPPBIMDH_04931	SSBG_00478	45.455	11	6	0	104	114	50	60	9.9	16.9
OPPBIMDH_04932	SSBG_00501	61.538	13	5	0	313	325	349	361	1.2	21.2
OPPBIMDH_04932	SSBG_00501	23.810	63	44	1	233	291	386	448	7.0	18.5
OPPBIMDH_04932	SSBG_00489	36.364	11	7	0	231	241	224	234	3.8	19.2
OPPBIMDH_04932	SSBG_00512	58.333	12	5	0	191	202	277	288	6.2	18.9
OPPBIMDH_04932	SSBG_00498	71.429	7	2	0	234	240	190	196	8.4	18.5
OPPBIMDH_04932	SSBG_00503	32.558	43	24	2	136	173	78	120	8.9	18.1
OPPBIMDH_04933	SSBG_00511	69.231	13	4	0	271	283	229	241	1.4	20.4
OPPBIMDH_04933	SSBG_00511	32.500	40	23	2	228	264	253	291	2.4	19.6
OPPBIMDH_04933	SSBG_00498	26.087	69	38	2	6	61	58	126	1.7	20.4
OPPBIMDH_04933	SSBG_00514	37.500	32	20	0	20	51	265	296	2.2	20.0
OPPBIMDH_04933	SSBG_00491	47.059	17	9	0	107	123	168	184	5.3	18.9
OPPBIMDH_04933	SSBG_00509	41.667	24	14	0	71	94	78	101	6.0	18.5
OPPBIMDH_04933	SSBG_00510	71.429	7	2	0	262	268	217	223	9.2	18.1
OPPBIMDH_04934	SSBG_00479	30.000	50	33	1	335	382	53	102	0.038	26.2
OPPBIMDH_04934	SSBG_00481	47.368	19	10	0	119	137	7	25	1.5	20.8
OPPBIMDH_04934	SSBG_00481	26.027	73	47	2	117	188	65	131	7.5	18.5
OPPBIMDH_04934	SSBG_00497	48.148	27	13	1	71	96	408	434	1.5	21.2
OPPBIMDH_04934	SSBG_00504	28.205	39	20	1	277	315	188	218	2.2	20.4
OPPBIMDH_04934	SSBG_00511	100.000	7	0	0	154	160	322	328	5.1	19.2
OPPBIMDH_04934	SSBG_00483	29.167	72	37	3	300	359	63	132	5.7	19.2
OPPBIMDH_04934	SSBG_00491	30.189	53	33	2	87	135	137	189	6.2	18.9
OPPBIMDH_04934	SSBG_00486	34.286	35	13	1	26	60	70	94	6.8	18.5
OPPBIMDH_04934	SSBG_00510	30.233	43	26	1	266	308	179	217	8.2	18.9
OPPBIMDH_04934	SSBG_00514	41.667	36	13	3	158	185	16	51	8.7	18.5
OPPBIMDH_04934	SSBG_00498	70.000	10	3	0	110	119	61	70	8.9	18.5
OPPBIMDH_04934	SSBG_00502	85.714	7	1	0	146	152	318	324	9.3	18.5
OPPBIMDH_04935	SSBG_00505	26.250	160	89	8	56	212	53	186	0.003	28.5
OPPBIMDH_04935	SSBG_00505	37.143	35	20	1	195	229	109	141	9.1	17.7
OPPBIMDH_04935	SSBG_00493	35.714	56	35	1	72	126	291	346	0.54	21.9
OPPBIMDH_04935	SSBG_00501	27.692	130	50	6	97	185	277	403	0.74	21.6
OPPBIMDH_04935	SSBG_00489	42.308	26	15	0	93	118	12	37	0.82	21.2
OPPBIMDH_04935	SSBG_00482	30.612	49	28	1	150	192	94	142	3.7	18.9
OPPBIMDH_04935	SSBG_00496	45.455	33	14	2	126	158	180	208	3.8	19.2
OPPBIMDH_04935	SSBG_00510	32.143	28	19	0	132	159	388	415	8.1	18.1
OPPBIMDH_04936	SSBG_00497	29.508	61	35	2	388	440	31	91	3.7	20.0
OPPBIMDH_04936	SSBG_00510	35.294	34	18	1	66	95	48	81	8.0	18.9
OPPBIMDH_04936	SSBG_00504	54.545	11	5	0	257	267	11	21	8.1	18.9
OPPBIMDH_04936	SSBG_00493	40.000	30	18	0	232	261	378	407	8.8	18.9
OPPBIMDH_04937	SSBG_00503	27.778	36	26	0	306	341	145	180	1.7	21.2
OPPBIMDH_04937	SSBG_00512	27.551	98	54	3	377	474	25	105	2.4	20.8
OPPBIMDH_04937	SSBG_00494	34.615	26	17	0	362	387	398	423	2.7	20.4
OPPBIMDH_04937	SSBG_00494	42.857	14	8	0	350	363	208	221	5.9	19.2
OPPBIMDH_04937	SSBG_00489	46.667	15	8	0	114	128	218	232	3.2	20.0
OPPBIMDH_04937	SSBG_00496	31.250	32	22	0	418	449	54	85	8.8	18.9
OPPBIMDH_04938	SSBG_00485	27.273	77	45	1	190	266	25	90	0.034	25.8
OPPBIMDH_04938	SSBG_00493	28.696	115	68	4	140	251	77	180	0.044	25.4
OPPBIMDH_04938	SSBG_00490	36.170	47	22	2	169	214	157	196	0.97	21.2
OPPBIMDH_04938	SSBG_00502	33.898	59	33	2	155	207	71	129	3.2	19.2
OPPBIMDH_04938	SSBG_00489	52.632	19	7	1	11	29	44	60	3.8	19.2
OPPBIMDH_04938	SSBG_00510	25.000	96	61	3	168	260	249	336	4.2	19.2
OPPBIMDH_04938	SSBG_00514	72.727	11	3	0	151	161	277	287	4.7	18.9
OPPBIMDH_04938	SSBG_00503	55.000	20	8	1	246	265	137	155	4.8	18.9
OPPBIMDH_04938	SSBG_00487	58.333	12	5	0	151	162	231	242	6.7	18.5
OPPBIMDH_04938	SSBG_00501	34.146	41	26	1	234	274	252	291	7.9	18.1
OPPBIMDH_04939	SSBG_00499	31.034	29	20	0	10	38	132	160	0.28	21.9
OPPBIMDH_04939	SSBG_00512	32.075	53	29	2	108	158	57	104	0.64	21.2
OPPBIMDH_04939	SSBG_00496	32.558	43	25	2	146	188	182	220	3.3	18.9
OPPBIMDH_04939	SSBG_00496	43.478	23	12	1	83	104	213	235	5.2	18.1
OPPBIMDH_04939	SSBG_00502	38.462	26	8	1	102	119	230	255	9.6	17.3
OPPBIMDH_04940	SSBG_00508	35.714	56	36	0	67	122	217	272	1.15e-04	31.2
OPPBIMDH_04940	SSBG_00496	39.474	38	23	0	85	122	220	257	0.001	28.5
OPPBIMDH_04940	SSBG_00496	35.484	31	17	1	78	105	45	75	8.3	16.5
OPPBIMDH_04940	SSBG_00497	28.889	45	27	1	10	54	365	404	1.6	18.9
OPPBIMDH_04940	SSBG_00490	21.649	97	58	3	19	115	60	138	2.5	18.5
OPPBIMDH_04940	SSBG_00488	21.875	64	41	2	1	55	81	144	2.6	18.1
OPPBIMDH_04940	SSBG_00481	50.000	12	6	0	19	30	33	44	2.7	18.1
OPPBIMDH_04940	SSBG_00485	45.000	20	11	0	99	118	179	198	4.5	17.7
OPPBIMDH_04940	SSBG_00503	58.333	12	5	0	59	70	249	260	4.6	17.3
OPPBIMDH_04941	SSBG_00488	50.000	22	9	1	60	79	64	85	1.5	18.5
OPPBIMDH_04941	SSBG_00491	46.667	15	8	0	36	50	4	18	3.4	17.7
OPPBIMDH_04941	SSBG_00491	43.750	16	9	0	68	83	112	127	7.5	16.9
OPPBIMDH_04941	SSBG_00509	47.368	19	10	0	62	80	14	32	4.9	17.3
OPPBIMDH_04941	SSBG_00494	40.909	22	13	0	3	24	351	372	6.2	16.9
OPPBIMDH_04941	SSBG_00497	56.250	16	7	0	56	71	416	431	7.9	16.9
OPPBIMDH_04942	SSBG_00494	42.857	21	12	0	424	444	320	340	1.6	21.9
OPPBIMDH_04942	SSBG_00493	33.333	117	61	6	544	654	304	409	2.8	21.2
OPPBIMDH_04942	SSBG_00510	50.000	28	12	1	507	532	231	258	3.8	20.8
OPPBIMDH_04942	SSBG_00510	35.417	48	23	1	388	435	26	65	9.8	19.2
OPPBIMDH_04942	SSBG_00495	63.636	11	4	0	17	27	65	75	4.6	19.6
OPPBIMDH_04942	SSBG_00478	28.571	28	20	0	654	681	29	56	5.0	20.0
OPPBIMDH_04942	SSBG_00509	40.741	27	16	0	445	471	330	356	5.4	20.0
OPPBIMDH_04942	SSBG_00502	54.545	11	5	0	693	703	5	15	6.2	20.0
OPPBIMDH_04942	SSBG_00501	52.632	19	9	0	473	491	29	47	6.6	20.0
OPPBIMDH_04942	SSBG_00501	37.838	37	14	2	172	200	56	91	9.7	19.2
OPPBIMDH_04942	SSBG_00503	47.826	23	9	1	503	522	88	110	7.6	19.6
OPPBIMDH_04942	SSBG_00489	26.667	45	25	1	44	80	223	267	8.4	19.2
OPPBIMDH_04942	SSBG_00500	42.857	35	20	0	261	295	20	54	8.6	19.2
OPPBIMDH_04943	SSBG_00483	44.444	18	10	0	208	225	16	33	0.98	20.8
OPPBIMDH_04943	SSBG_00481	43.478	23	13	0	196	218	160	182	1.6	20.0
OPPBIMDH_04943	SSBG_00484	26.531	49	34	1	73	121	3	49	5.0	18.5
OPPBIMDH_04943	SSBG_00490	41.379	29	16	1	52	80	1	28	6.0	18.5
OPPBIMDH_04943	SSBG_00500	33.333	33	22	0	161	193	168	200	6.8	18.1
OPPBIMDH_04943	SSBG_00493	26.667	60	35	1	65	115	318	377	9.1	17.7
OPPBIMDH_04944	SSBG_00485	52.236	492	226	4	35	519	27	516	1.38e-158	453
OPPBIMDH_04944	SSBG_00510	39.286	28	17	0	398	425	161	188	0.65	22.7
OPPBIMDH_04944	SSBG_00514	26.415	53	29	2	373	415	103	155	1.7	21.2
OPPBIMDH_04944	SSBG_00486	27.907	43	20	1	175	217	65	96	2.1	20.8
OPPBIMDH_04944	SSBG_00482	23.913	46	34	1	298	342	54	99	2.8	20.0
OPPBIMDH_04944	SSBG_00495	40.000	20	12	0	345	364	90	109	3.8	19.6
OPPBIMDH_04944	SSBG_00501	36.735	49	18	2	107	142	160	208	4.3	20.0
OPPBIMDH_04944	SSBG_00501	50.000	16	8	0	281	296	227	242	5.2	19.6
OPPBIMDH_04944	SSBG_00487	29.688	64	37	2	289	350	199	256	8.3	18.9
OPPBIMDH_04944	SSBG_00504	38.462	26	16	0	392	417	48	73	9.3	18.9
OPPBIMDH_04944	SSBG_00484	47.059	17	9	0	392	408	48	64	10.0	18.9
OPPBIMDH_04945	SSBG_00478	57.343	286	115	4	5	287	2	283	5.91e-102	291
OPPBIMDH_04945	SSBG_00488	38.095	21	13	0	180	200	47	67	2.1	19.6
OPPBIMDH_04945	SSBG_00500	36.364	22	14	0	12	33	126	147	2.2	20.0
OPPBIMDH_04945	SSBG_00497	63.636	11	4	0	101	111	236	246	5.9	18.5
OPPBIMDH_04946	SSBG_00479	62.270	326	120	1	1	323	1	326	5.18e-132	371
OPPBIMDH_04946	SSBG_00503	37.778	45	25	2	204	246	118	161	6.3	18.9
OPPBIMDH_04946	SSBG_00493	25.087	287	136	16	38	272	16	275	7.4	18.5
OPPBIMDH_04947	SSBG_00483	45.387	271	132	3	12	272	1	265	1.15e-58	179
OPPBIMDH_04947	SSBG_00500	50.000	38	17	1	3	38	12	49	0.001	29.6
OPPBIMDH_04947	SSBG_00498	36.170	47	25	3	193	237	62	105	0.26	22.7
OPPBIMDH_04947	SSBG_00481	39.286	28	16	1	240	267	145	171	0.64	21.2
OPPBIMDH_04947	SSBG_00496	35.897	39	21	2	84	119	20	57	1.2	20.4
OPPBIMDH_04947	SSBG_00496	30.435	46	31	1	75	119	130	175	5.0	18.9
OPPBIMDH_04947	SSBG_00496	34.000	50	29	1	89	134	133	182	7.9	18.1
OPPBIMDH_04947	SSBG_00486	56.250	16	7	0	91	106	75	90	1.3	20.4
OPPBIMDH_04947	SSBG_00508	53.333	15	7	0	2	16	156	170	1.9	20.0
OPPBIMDH_04947	SSBG_00511	42.105	19	11	0	4	22	1	19	3.4	19.2
OPPBIMDH_04947	SSBG_00513	34.483	29	16	1	175	200	288	316	3.6	19.2
OPPBIMDH_04947	SSBG_00479	31.818	22	15	0	249	270	128	149	5.0	18.9
OPPBIMDH_04947	SSBG_00494	40.000	20	12	0	86	105	121	140	6.3	18.5
OPPBIMDH_04948	SSBG_00496	25.253	99	51	3	241	316	73	171	0.030	26.2
OPPBIMDH_04948	SSBG_00481	28.814	118	71	4	259	366	20	134	0.17	23.9
OPPBIMDH_04948	SSBG_00481	32.143	28	19	0	57	84	150	177	7.3	18.5
OPPBIMDH_04948	SSBG_00504	39.130	23	14	0	264	286	116	138	0.41	22.7
OPPBIMDH_04948	SSBG_00501	36.667	30	19	0	304	333	407	436	1.8	20.8
OPPBIMDH_04948	SSBG_00508	45.000	20	11	0	230	249	217	236	5.3	19.2
OPPBIMDH_04948	SSBG_00510	44.000	25	13	1	60	84	230	253	8.9	18.5
OPPBIMDH_04948	SSBG_00497	36.364	33	18	1	86	118	355	384	9.3	18.5
OPPBIMDH_04949	SSBG_00483	54.682	267	118	2	12	277	1	265	3.50e-89	258
OPPBIMDH_04949	SSBG_00500	44.737	38	19	1	3	38	12	49	0.090	24.3
OPPBIMDH_04949	SSBG_00511	34.783	46	21	1	4	40	1	46	0.56	21.6
OPPBIMDH_04949	SSBG_00494	28.571	70	47	2	41	110	117	183	1.4	20.4
OPPBIMDH_04949	SSBG_00510	25.000	112	75	3	151	259	314	419	2.4	19.6
OPPBIMDH_04949	SSBG_00479	39.286	28	11	2	110	131	274	301	8.0	18.1
OPPBIMDH_04949	SSBG_00489	35.000	20	13	0	251	270	214	233	8.3	18.1
OPPBIMDH_04949	SSBG_00502	100.000	6	0	0	77	82	136	141	9.8	17.7
OPPBIMDH_04950	SSBG_00504	51.271	236	114	1	1	236	1	235	1.29e-87	251
OPPBIMDH_04950	SSBG_00484	56.790	243	101	3	1	242	1	240	2.29e-86	248
OPPBIMDH_04950	SSBG_00513	50.000	14	7	0	129	142	335	348	2.3	19.6
OPPBIMDH_04950	SSBG_00512	26.144	153	86	5	33	176	90	224	2.7	19.2
OPPBIMDH_04950	SSBG_00490	30.435	69	41	2	21	89	187	248	2.8	19.2
OPPBIMDH_04950	SSBG_00490	45.455	33	14	2	34	62	4	36	5.9	18.5
OPPBIMDH_04950	SSBG_00489	35.135	37	20	2	37	70	44	79	3.4	19.2
OPPBIMDH_04951	SSBG_00493	34.783	46	30	0	27	72	252	297	0.88	22.3
OPPBIMDH_04951	SSBG_00491	31.169	77	47	3	202	276	1	73	2.0	21.2
OPPBIMDH_04951	SSBG_00491	31.579	57	33	3	178	233	56	107	4.4	20.0
OPPBIMDH_04951	SSBG_00482	33.333	36	23	1	458	493	93	127	3.2	20.0
OPPBIMDH_04951	SSBG_00479	28.814	59	34	1	393	443	254	312	3.4	20.4
OPPBIMDH_04951	SSBG_00479	42.857	21	12	0	476	496	224	244	4.9	19.6
OPPBIMDH_04951	SSBG_00489	35.714	42	25	1	384	425	112	151	4.5	20.0
OPPBIMDH_04951	SSBG_00501	29.310	58	37	1	154	211	378	431	5.2	19.6
OPPBIMDH_04952	SSBG_00510	56.235	425	181	1	3	422	1	425	4.67e-157	442
OPPBIMDH_04952	SSBG_00498	45.349	430	222	6	1	420	1	427	6.12e-124	358
OPPBIMDH_04952	SSBG_00482	26.667	120	75	5	115	224	19	135	0.12	23.9
OPPBIMDH_04952	SSBG_00497	30.435	46	22	3	178	213	60	105	1.4	21.2
OPPBIMDH_04952	SSBG_00503	57.895	19	8	0	361	379	150	168	1.8	20.8
OPPBIMDH_04952	SSBG_00479	36.842	38	21	2	55	92	274	308	7.6	18.9
OPPBIMDH_04952	SSBG_00508	40.909	22	12	1	199	220	185	205	8.7	18.5
OPPBIMDH_04953	SSBG_00509	49.289	422	196	5	311	716	21	440	1.64e-104	318
OPPBIMDH_04953	SSBG_00494	22.930	157	109	4	74	228	139	285	0.68	23.1
OPPBIMDH_04953	SSBG_00485	45.000	20	11	0	489	508	129	148	0.83	22.7
OPPBIMDH_04953	SSBG_00501	27.338	139	76	6	237	359	108	237	1.7	21.9
OPPBIMDH_04953	SSBG_00487	26.667	60	35	2	386	444	36	87	5.8	20.0
OPPBIMDH_04953	SSBG_00493	36.842	76	35	5	473	545	165	230	8.7	19.6
OPPBIMDH_04953	SSBG_00479	26.531	49	33	1	9	54	189	237	9.6	19.2
OPPBIMDH_04954	SSBG_00483	32.877	73	45	2	226	297	24	93	0.17	23.9
OPPBIMDH_04954	SSBG_00502	37.143	35	22	0	290	324	7	41	0.60	21.9
OPPBIMDH_04954	SSBG_00494	52.632	19	9	0	186	204	400	418	0.81	21.6
OPPBIMDH_04954	SSBG_00498	30.769	39	27	0	14	52	91	129	1.2	21.2
OPPBIMDH_04954	SSBG_00485	46.667	30	7	2	52	76	226	251	1.6	20.8
OPPBIMDH_04954	SSBG_00510	40.000	30	16	1	36	63	301	330	2.4	20.4
OPPBIMDH_04954	SSBG_00510	28.723	94	51	4	35	128	29	106	3.6	19.6
OPPBIMDH_04954	SSBG_00503	72.727	11	3	0	265	275	45	55	3.3	19.6
OPPBIMDH_04954	SSBG_00489	52.632	19	9	0	265	283	128	146	4.8	19.2
OPPBIMDH_04954	SSBG_00507	47.368	19	10	0	71	89	77	95	6.4	18.5
OPPBIMDH_04954	SSBG_00505	27.660	47	34	0	242	288	15	61	6.6	18.9
OPPBIMDH_04954	SSBG_00487	32.353	34	21	1	279	310	150	183	8.0	18.5
OPPBIMDH_04955	SSBG_00488	63.448	145	52	1	1	145	1	144	1.86e-69	197
OPPBIMDH_04955	SSBG_00482	26.316	57	40	1	66	122	63	117	0.013	25.0
OPPBIMDH_04955	SSBG_00513	40.000	25	15	0	57	81	301	325	0.033	24.3
OPPBIMDH_04955	SSBG_00479	32.727	55	32	2	46	100	264	313	2.5	18.5
OPPBIMDH_04955	SSBG_00508	44.000	25	13	1	75	99	91	114	5.8	17.3
OPPBIMDH_04955	SSBG_00497	39.130	23	11	1	28	50	263	282	9.4	16.9
OPPBIMDH_04956	SSBG_00489	67.730	282	91	0	1	282	1	282	2.72e-131	365
OPPBIMDH_04956	SSBG_00484	28.723	94	57	3	39	131	33	117	0.002	29.6
OPPBIMDH_04956	SSBG_00504	46.154	26	13	1	34	59	29	53	0.16	23.5
OPPBIMDH_04956	SSBG_00499	35.714	42	23	1	138	175	8	49	0.19	23.1
OPPBIMDH_04956	SSBG_00481	41.379	29	16	1	161	188	147	175	2.9	19.2
OPPBIMDH_04956	SSBG_00509	26.415	53	35	1	66	118	273	321	2.9	19.6
OPPBIMDH_04957	SSBG_00490	58.472	301	122	2	5	302	15	315	2.13e-95	279
OPPBIMDH_04957	SSBG_00490	41.935	31	18	0	198	228	330	360	8.1	18.5
OPPBIMDH_04957	SSBG_00498	38.636	44	19	2	12	47	358	401	0.15	23.9
OPPBIMDH_04957	SSBG_00509	38.983	59	33	2	123	179	267	324	1.4	20.8
OPPBIMDH_04957	SSBG_00488	29.310	58	29	2	73	127	75	123	1.4	20.4
OPPBIMDH_04957	SSBG_00478	42.105	19	11	0	86	104	128	146	2.9	19.6
OPPBIMDH_04957	SSBG_00478	28.571	28	19	1	39	65	215	242	6.1	18.5
OPPBIMDH_04957	SSBG_00499	36.364	22	14	0	149	170	138	159	3.7	19.2
OPPBIMDH_04957	SSBG_00510	47.826	23	12	0	169	191	386	408	7.6	18.5
OPPBIMDH_04958	SSBG_00492	46.988	83	44	0	1	83	1	83	4.50e-22	73.9
OPPBIMDH_04958	SSBG_00500	27.586	29	21	0	53	81	122	150	1.1	18.5
OPPBIMDH_04958	SSBG_00487	37.500	24	15	0	8	31	107	130	1.4	18.1
OPPBIMDH_04958	SSBG_00485	46.667	15	8	0	46	60	129	143	2.2	17.7
OPPBIMDH_04958	SSBG_00495	77.778	9	2	0	17	25	9	17	2.4	17.3
OPPBIMDH_04958	SSBG_00494	46.667	15	8	0	45	59	92	106	3.1	17.3
OPPBIMDH_04959	SSBG_00493	61.965	397	149	2	7	402	13	408	1.54e-167	467
OPPBIMDH_04959	SSBG_00494	31.463	410	268	7	4	400	7	416	9.85e-43	146
OPPBIMDH_04959	SSBG_00512	28.986	69	43	3	234	298	129	195	0.46	22.7
OPPBIMDH_04959	SSBG_00512	42.308	26	15	0	102	127	226	251	0.48	22.7
OPPBIMDH_04959	SSBG_00489	33.333	45	24	1	205	249	100	138	1.2	21.2
OPPBIMDH_04959	SSBG_00489	42.308	26	12	1	342	367	257	279	2.4	20.4
OPPBIMDH_04959	SSBG_00511	36.364	33	20	1	221	252	172	204	3.1	20.0
OPPBIMDH_04959	SSBG_00507	80.000	10	2	0	376	385	51	60	3.6	19.6
OPPBIMDH_04959	SSBG_00490	38.095	21	13	0	165	185	285	305	4.1	19.6
OPPBIMDH_04959	SSBG_00491	62.500	16	6	0	79	94	62	77	4.1	19.6
OPPBIMDH_04959	SSBG_00504	33.333	39	22	1	243	281	46	80	4.5	19.2
OPPBIMDH_04959	SSBG_00504	30.435	46	26	1	66	105	193	238	8.0	18.5
OPPBIMDH_04959	SSBG_00510	30.435	46	31	1	294	339	170	214	5.5	19.2
OPPBIMDH_04959	SSBG_00509	40.741	27	16	0	244	270	155	181	6.9	18.9
OPPBIMDH_04960	SSBG_00494	71.845	412	116	0	3	414	5	416	0.0	615
OPPBIMDH_04960	SSBG_00493	31.884	414	263	8	8	418	13	410	1.10e-44	151
OPPBIMDH_04960	SSBG_00496	32.558	43	28	1	171	213	53	94	7.5	18.9
OPPBIMDH_04960	SSBG_00498	23.214	168	91	8	40	185	24	175	7.5	18.9
OPPBIMDH_04961	SSBG_00495	62.366	93	35	0	2	94	12	104	7.94e-40	120
OPPBIMDH_04961	SSBG_00498	22.667	75	53	2	14	88	341	410	2.2	18.1
OPPBIMDH_04961	SSBG_00509	30.000	60	39	2	16	75	11	67	2.9	17.7
OPPBIMDH_04961	SSBG_00509	53.846	13	6	0	43	55	95	107	3.8	17.3
OPPBIMDH_04961	SSBG_00493	24.324	37	28	0	15	51	274	310	7.2	16.5
OPPBIMDH_04961	SSBG_00510	36.364	22	14	0	66	87	384	405	8.7	16.2
OPPBIMDH_04962	SSBG_00496	72.656	256	70	0	6	261	6	261	1.46e-140	387
OPPBIMDH_04962	SSBG_00508	30.769	234	143	5	30	258	54	273	3.85e-21	81.3
OPPBIMDH_04962	SSBG_00500	38.710	31	19	0	11	41	14	44	0.32	22.3
OPPBIMDH_04962	SSBG_00500	50.000	14	7	0	244	257	228	241	2.8	19.2
OPPBIMDH_04962	SSBG_00500	40.000	25	15	0	154	178	4	28	5.8	18.5
OPPBIMDH_04962	SSBG_00500	71.429	7	2	0	250	256	171	177	8.3	18.1
OPPBIMDH_04962	SSBG_00503	37.500	32	20	0	5	36	99	130	0.52	21.6
OPPBIMDH_04962	SSBG_00514	23.077	65	30	2	66	125	71	120	1.7	20.0
OPPBIMDH_04962	SSBG_00498	26.471	34	25	0	49	82	168	201	1.8	20.0
OPPBIMDH_04962	SSBG_00498	18.644	59	46	1	154	210	84	142	9.6	17.7
OPPBIMDH_04962	SSBG_00479	39.394	33	20	0	122	154	6	38	4.0	18.9
OPPBIMDH_04962	SSBG_00504	26.000	50	26	1	38	87	161	199	4.1	18.9
OPPBIMDH_04962	SSBG_00486	22.472	89	56	2	6	81	50	138	4.3	18.5
OPPBIMDH_04962	SSBG_00494	33.333	45	22	2	29	65	58	102	6.0	18.5
OPPBIMDH_04963	SSBG_00497	57.566	304	128	1	3	305	6	309	1.13e-107	312
OPPBIMDH_04963	SSBG_00497	26.829	82	50	1	75	146	229	310	0.084	24.6
OPPBIMDH_04963	SSBG_00503	36.957	46	23	2	43	83	211	255	0.63	21.6
OPPBIMDH_04963	SSBG_00493	28.000	50	24	1	31	68	359	408	2.5	20.0
OPPBIMDH_04963	SSBG_00500	26.531	49	20	1	48	96	248	280	3.1	19.6
OPPBIMDH_04963	SSBG_00500	31.250	64	40	2	136	196	248	310	5.8	18.9
OPPBIMDH_04963	SSBG_00499	27.660	94	60	3	92	177	101	194	3.2	19.2
OPPBIMDH_04963	SSBG_00498	33.333	45	22	2	7	47	29	69	5.7	18.9
OPPBIMDH_04963	SSBG_00501	37.931	29	8	1	199	217	213	241	9.4	18.1
OPPBIMDH_04964	SSBG_00508	57.399	223	94	1	28	249	54	276	1.02e-84	245
OPPBIMDH_04964	SSBG_00496	33.202	253	151	7	8	246	10	258	5.98e-25	90.9
OPPBIMDH_04964	SSBG_00486	48.000	25	13	0	11	35	58	82	0.39	21.6
OPPBIMDH_04964	SSBG_00500	37.143	35	18	1	217	247	128	162	0.50	21.6
OPPBIMDH_04964	SSBG_00497	34.000	50	31	1	11	60	294	341	0.52	21.6
OPPBIMDH_04964	SSBG_00511	23.904	251	121	13	8	225	1	214	0.61	21.6
OPPBIMDH_04964	SSBG_00483	45.833	24	13	0	16	39	1	24	0.88	20.8
OPPBIMDH_04964	SSBG_00483	77.778	9	2	0	163	171	256	264	5.3	18.5
OPPBIMDH_04964	SSBG_00488	54.545	11	5	0	215	225	18	28	5.5	18.1
OPPBIMDH_04964	SSBG_00512	41.379	29	14	1	190	215	120	148	7.9	18.1
OPPBIMDH_04964	SSBG_00485	40.909	22	11	1	187	208	80	99	8.7	17.7
OPPBIMDH_04964	SSBG_00514	27.500	40	24	1	146	180	246	285	9.0	17.7
OPPBIMDH_04964	SSBG_00498	24.390	41	28	1	150	187	8	48	9.6	17.7
OPPBIMDH_04965	SSBG_00507	59.259	135	55	0	9	143	10	144	3.43e-45	136
OPPBIMDH_04965	SSBG_00497	41.085	129	74	1	12	140	322	448	3.76e-26	93.2
OPPBIMDH_04965	SSBG_00487	27.536	69	42	3	52	112	56	124	1.2	19.6
OPPBIMDH_04965	SSBG_00512	26.923	52	26	2	18	62	130	176	1.2	19.6
OPPBIMDH_04965	SSBG_00512	28.302	53	32	1	1	53	220	266	6.9	17.3
OPPBIMDH_04966	SSBG_00504	61.224	245	87	1	1	245	1	237	4.02e-106	298
OPPBIMDH_04966	SSBG_00484	45.455	242	127	2	1	237	1	242	7.15e-67	199
OPPBIMDH_04966	SSBG_00489	41.667	36	18	1	40	72	46	81	0.17	23.1
OPPBIMDH_04966	SSBG_00501	44.737	38	12	2	53	90	22	50	0.45	21.9
OPPBIMDH_04966	SSBG_00513	29.268	41	29	0	34	74	49	89	1.4	20.4
OPPBIMDH_04966	SSBG_00490	58.333	12	5	0	74	85	221	232	4.7	18.5
OPPBIMDH_04966	SSBG_00508	35.714	28	18	0	110	137	176	203	4.9	18.5
OPPBIMDH_04966	SSBG_00497	38.710	31	19	0	40	70	291	321	5.8	18.5
OPPBIMDH_04966	SSBG_00483	46.667	15	8	0	210	224	105	119	7.6	18.1
OPPBIMDH_04966	SSBG_00488	41.667	12	7	0	10	21	125	136	7.7	17.7
OPPBIMDH_04966	SSBG_00499	23.810	42	32	0	93	134	34	75	9.5	17.7
OPPBIMDH_04967	SSBG_00498	62.645	431	153	5	1	427	1	427	0.0	535
OPPBIMDH_04967	SSBG_00510	48.848	434	202	6	3	427	1	423	6.97e-115	335
OPPBIMDH_04967	SSBG_00501	40.385	52	28	2	132	181	210	260	0.52	22.7
OPPBIMDH_04967	SSBG_00497	35.294	34	15	1	195	221	70	103	0.69	22.3
OPPBIMDH_04967	SSBG_00508	42.308	26	15	0	129	154	240	265	2.2	20.4
OPPBIMDH_04967	SSBG_00494	38.636	44	25	2	117	158	379	422	2.4	20.4
OPPBIMDH_04967	SSBG_00494	45.714	35	16	1	261	292	60	94	3.2	20.0
OPPBIMDH_04967	SSBG_00496	88.889	9	1	0	362	370	23	31	4.9	19.2
OPPBIMDH_04967	SSBG_00500	35.000	40	19	1	134	173	218	250	6.9	18.9
OPPBIMDH_04967	SSBG_00511	31.034	58	35	3	236	288	198	255	7.4	18.9
OPPBIMDH_04968	SSBG_00498	63.170	429	156	2	1	429	1	427	0.0	551
OPPBIMDH_04968	SSBG_00510	45.000	440	220	9	3	433	1	427	1.85e-96	288
OPPBIMDH_04968	SSBG_00478	33.333	63	34	3	246	304	224	282	2.5	20.4
OPPBIMDH_04968	SSBG_00482	50.000	14	7	0	123	136	19	32	3.2	19.6
OPPBIMDH_04968	SSBG_00511	30.000	30	20	1	346	375	183	211	3.3	20.0
OPPBIMDH_04968	SSBG_00511	32.787	61	27	3	273	330	28	77	6.2	19.2
OPPBIMDH_04968	SSBG_00494	42.553	47	20	2	252	291	48	94	4.4	19.6
OPPBIMDH_04968	SSBG_00496	25.000	40	30	0	224	263	220	259	4.8	19.2
OPPBIMDH_04968	SSBG_00502	30.233	43	30	0	287	329	112	154	6.1	19.2
OPPBIMDH_04968	SSBG_00502	70.000	10	3	0	418	427	331	340	9.4	18.5
OPPBIMDH_04968	SSBG_00509	46.667	15	8	0	251	265	197	211	7.8	18.9
OPPBIMDH_04968	SSBG_00486	34.483	29	19	0	152	180	38	66	9.7	18.5
OPPBIMDH_04969	SSBG_00498	60.557	431	168	2	1	431	1	429	0.0	513
OPPBIMDH_04969	SSBG_00510	48.292	439	199	11	3	429	1	423	3.31e-108	318
OPPBIMDH_04969	SSBG_00482	57.143	14	6	0	123	136	19	32	0.74	21.6
OPPBIMDH_04969	SSBG_00508	40.000	30	18	0	125	154	236	265	1.2	21.2
OPPBIMDH_04969	SSBG_00512	72.727	11	3	0	224	234	69	79	6.2	19.2
OPPBIMDH_04969	SSBG_00511	42.105	19	11	0	44	62	222	240	7.2	18.9
OPPBIMDH_04969	SSBG_00494	43.478	23	6	1	298	320	377	392	9.0	18.5
OPPBIMDH_04969	SSBG_00497	55.556	9	4	0	212	220	95	103	9.2	18.5
OPPBIMDH_04970	SSBG_00498	46.136	440	212	9	1	427	1	428	5.09e-115	335
OPPBIMDH_04970	SSBG_00510	44.828	435	225	4	3	430	1	427	2.17e-105	311
OPPBIMDH_04970	SSBG_00482	27.083	48	31	2	122	168	20	64	0.92	21.6
OPPBIMDH_04970	SSBG_00483	50.000	16	8	0	174	189	88	103	4.1	19.6
OPPBIMDH_04970	SSBG_00505	30.702	114	59	5	261	373	42	136	6.5	18.9
OPPBIMDH_04970	SSBG_00505	28.814	59	25	2	18	70	95	142	10.0	18.5
OPPBIMDH_04970	SSBG_00503	77.778	9	2	0	248	256	157	165	7.2	18.9
OPPBIMDH_04970	SSBG_00494	72.727	11	3	0	327	337	14	24	7.4	18.9
OPPBIMDH_04971	SSBG_00509	30.266	413	202	11	2	346	14	408	1.31e-26	100
OPPBIMDH_04971	SSBG_00493	36.364	44	24	1	240	283	359	398	1.8	20.8
OPPBIMDH_04971	SSBG_00491	40.741	27	16	0	257	283	305	331	1.9	20.4
OPPBIMDH_04971	SSBG_00478	30.189	53	35	1	171	221	93	145	5.0	19.2
OPPBIMDH_04971	SSBG_00500	54.545	11	5	0	55	65	271	281	6.0	18.9
OPPBIMDH_04971	SSBG_00498	36.667	30	14	2	263	289	350	377	7.2	18.9
OPPBIMDH_04971	SSBG_00501	38.636	44	23	1	121	160	336	379	7.7	18.5
OPPBIMDH_04971	SSBG_00485	47.619	21	11	0	41	61	66	86	8.5	18.5
OPPBIMDH_04971	SSBG_00505	26.761	71	48	1	293	363	36	102	9.5	18.1
OPPBIMDH_04972	SSBG_00487	75.785	223	54	0	1	223	32	254	3.55e-122	341
OPPBIMDH_04972	SSBG_00514	49.153	236	114	1	1	230	78	313	6.38e-66	199
OPPBIMDH_04972	SSBG_00505	47.826	23	9	1	225	244	177	199	2.0	19.6
OPPBIMDH_04972	SSBG_00505	35.714	28	18	0	149	176	57	84	6.9	18.1
OPPBIMDH_04972	SSBG_00489	46.667	15	8	0	105	119	262	276	3.6	18.9
OPPBIMDH_04972	SSBG_00495	47.059	17	9	0	86	102	102	118	5.3	18.1
OPPBIMDH_04972	SSBG_00486	45.000	20	11	0	110	129	15	34	7.9	17.7
OPPBIMDH_04972	SSBG_00507	50.000	16	8	0	54	69	119	134	9.9	17.3
OPPBIMDH_04973	SSBG_00510	54.167	24	11	0	35	58	103	126	0.055	23.9
OPPBIMDH_04973	SSBG_00496	69.231	13	4	0	27	39	68	80	0.75	20.0
OPPBIMDH_04973	SSBG_00500	66.667	12	4	0	96	107	41	52	0.96	20.0
OPPBIMDH_04973	SSBG_00478	26.531	49	34	1	4	50	196	244	2.9	18.5
OPPBIMDH_04973	SSBG_00482	23.864	88	48	2	36	114	1	78	5.1	17.3
OPPBIMDH_04973	SSBG_00505	44.444	18	10	0	34	51	12	29	6.5	17.3
OPPBIMDH_04973	SSBG_00497	28.571	28	20	0	44	71	303	330	7.4	17.3
OPPBIMDH_04973	SSBG_00501	64.286	14	3	1	10	23	139	150	8.7	16.9
OPPBIMDH_04974	SSBG_00491	26.882	93	67	1	230	321	247	339	0.004	28.9
OPPBIMDH_04974	SSBG_00511	50.000	24	10	1	266	289	27	48	1.1	21.2
OPPBIMDH_04974	SSBG_00494	34.694	49	24	1	210	258	280	320	1.8	20.4
OPPBIMDH_04974	SSBG_00493	45.455	33	17	1	48	80	271	302	1.8	20.4
OPPBIMDH_04974	SSBG_00493	80.000	10	2	0	154	163	297	306	3.4	19.6
OPPBIMDH_04974	SSBG_00512	40.000	25	12	1	133	154	262	286	2.0	20.4
OPPBIMDH_04974	SSBG_00510	34.043	47	28	1	168	211	177	223	4.1	19.2
OPPBIMDH_04974	SSBG_00490	53.333	15	7	0	122	136	350	364	4.9	18.9
OPPBIMDH_04974	SSBG_00496	35.556	45	24	1	68	112	172	211	5.7	18.9
OPPBIMDH_04975	SSBG_00492	39.506	81	49	0	1	81	1	81	8.78e-20	67.8
OPPBIMDH_04975	SSBG_00485	32.500	40	22	1	6	40	318	357	0.16	20.8
OPPBIMDH_04975	SSBG_00494	50.000	16	8	0	63	78	294	309	0.93	18.9
OPPBIMDH_04975	SSBG_00514	45.000	20	10	1	12	31	92	110	1.2	18.5
OPPBIMDH_04975	SSBG_00479	43.750	16	9	0	49	64	21	36	5.3	16.5
OPPBIMDH_04975	SSBG_00491	31.481	54	24	2	30	82	79	120	5.8	16.5
OPPBIMDH_04975	SSBG_00498	26.923	26	19	0	36	61	350	375	5.8	16.5
OPPBIMDH_04976	SSBG_00502	77.778	369	82	0	1	369	1	369	0.0	570
OPPBIMDH_04976	SSBG_00513	28.753	393	210	8	31	368	61	438	2.33e-42	144
OPPBIMDH_04976	SSBG_00479	37.500	40	22	1	98	134	257	296	0.32	23.1
OPPBIMDH_04976	SSBG_00511	31.746	63	36	3	112	167	120	182	1.4	20.8
OPPBIMDH_04976	SSBG_00493	27.778	54	35	1	192	245	235	284	1.8	20.8
OPPBIMDH_04976	SSBG_00493	25.243	206	121	8	15	200	104	296	2.3	20.4
OPPBIMDH_04976	SSBG_00505	33.333	39	20	1	127	165	203	235	6.2	18.9
OPPBIMDH_04977	SSBG_00501	57.112	464	176	2	16	479	6	446	0.0	511
OPPBIMDH_04977	SSBG_00478	33.333	39	26	0	239	277	4	42	0.060	25.8
OPPBIMDH_04977	SSBG_00484	62.500	16	6	0	70	85	53	68	0.35	23.1
OPPBIMDH_04977	SSBG_00499	33.333	30	20	0	343	372	14	43	1.5	21.2
OPPBIMDH_04977	SSBG_00499	22.727	110	67	4	318	419	89	188	3.3	20.0
OPPBIMDH_04977	SSBG_00505	44.000	25	14	0	40	64	49	73	1.9	20.8
OPPBIMDH_04977	SSBG_00498	35.714	28	18	0	34	61	168	195	3.6	20.0
OPPBIMDH_04977	SSBG_00513	33.333	39	20	2	150	184	378	414	5.5	19.6
OPPBIMDH_04977	SSBG_00495	29.545	44	30	1	331	373	24	67	8.1	18.5
OPPBIMDH_04977	SSBG_00509	37.500	32	19	1	129	160	377	407	9.6	18.9
OPPBIMDH_04977	SSBG_00485	30.137	73	31	2	165	228	83	144	9.9	18.9
OPPBIMDH_04978	SSBG_00500	51.325	302	144	2	3	304	8	306	4.62e-86	253
OPPBIMDH_04978	SSBG_00511	33.668	199	108	12	110	300	117	299	1.10e-08	45.8
OPPBIMDH_04978	SSBG_00483	40.000	25	15	0	16	40	1	25	0.84	21.2
OPPBIMDH_04978	SSBG_00488	26.829	82	46	4	70	142	67	143	1.4	20.4
OPPBIMDH_04978	SSBG_00496	29.245	106	53	4	6	93	7	108	3.0	19.6
OPPBIMDH_04978	SSBG_00496	29.268	41	22	1	196	236	109	142	6.4	18.5
OPPBIMDH_04978	SSBG_00497	30.556	72	38	2	58	125	42	105	9.5	18.1
OPPBIMDH_04978	SSBG_00497	32.432	37	25	0	132	168	35	71	9.9	18.1
OPPBIMDH_04979	SSBG_00499	61.809	199	76	0	1	199	5	203	2.31e-91	258
OPPBIMDH_04979	SSBG_00483	34.091	44	27	1	132	175	173	214	0.14	23.1
OPPBIMDH_04979	SSBG_00512	30.435	46	30	1	103	146	66	111	0.27	22.3
OPPBIMDH_04979	SSBG_00502	36.842	19	12	0	146	164	89	107	2.6	19.2
OPPBIMDH_04979	SSBG_00498	50.000	12	6	0	154	165	407	418	7.4	17.7
OPPBIMDH_04980	SSBG_00512	35.294	34	19	1	155	185	79	112	0.36	23.1
OPPBIMDH_04980	SSBG_00497	34.211	38	25	0	364	401	14	51	3.9	19.6
OPPBIMDH_04980	SSBG_00509	50.000	20	10	0	341	360	221	240	5.2	19.2
OPPBIMDH_04980	SSBG_00493	43.478	23	13	0	6	28	221	243	7.7	18.9
OPPBIMDH_04980	SSBG_00493	63.636	11	4	0	191	201	291	301	8.1	18.9
OPPBIMDH_04980	SSBG_00501	40.741	27	16	0	349	375	185	211	7.8	18.9
OPPBIMDH_04980	SSBG_00487	33.333	36	21	1	75	107	59	94	8.2	18.5
OPPBIMDH_04980	SSBG_00487	50.000	12	6	0	163	174	66	77	9.7	18.5
OPPBIMDH_04980	SSBG_00479	36.765	68	30	4	218	284	20	75	9.1	18.5
OPPBIMDH_04980	SSBG_00508	75.000	8	2	0	390	397	183	190	9.4	18.5
OPPBIMDH_04981	SSBG_00505	73.663	243	64	0	1	243	1	243	3.71e-131	363
OPPBIMDH_04981	SSBG_00489	27.273	55	39	1	195	249	232	285	1.1	20.8
OPPBIMDH_04981	SSBG_00498	33.333	39	20	1	94	132	17	49	1.2	20.8
OPPBIMDH_04981	SSBG_00487	35.294	34	16	2	204	231	208	241	2.1	19.6
OPPBIMDH_04981	SSBG_00497	27.941	68	35	3	20	82	201	259	2.4	19.6
OPPBIMDH_04981	SSBG_00478	60.000	10	4	0	209	218	78	87	3.9	18.9
OPPBIMDH_04981	SSBG_00502	38.095	21	13	0	203	223	127	147	4.3	18.9
OPPBIMDH_04981	SSBG_00501	32.203	59	35	2	20	78	375	428	8.0	18.1
OPPBIMDH_04981	SSBG_00484	30.612	49	31	2	88	134	130	177	8.2	17.7
OPPBIMDH_04981	SSBG_00493	46.429	28	6	2	70	93	364	386	8.6	18.1
OPPBIMDH_04982	SSBG_00504	25.253	99	47	3	121	198	50	142	0.033	26.2
OPPBIMDH_04982	SSBG_00489	27.273	44	32	0	157	200	112	155	0.055	25.4
OPPBIMDH_04982	SSBG_00489	41.667	24	14	0	68	91	234	257	0.60	22.3
OPPBIMDH_04982	SSBG_00498	30.612	49	28	1	275	317	389	437	0.10	24.6
OPPBIMDH_04982	SSBG_00498	43.750	16	6	1	360	375	87	99	3.4	20.0
OPPBIMDH_04982	SSBG_00491	31.915	47	29	1	11	57	304	347	0.28	23.5
OPPBIMDH_04982	SSBG_00511	44.000	25	14	0	226	250	147	171	2.4	20.4
OPPBIMDH_04982	SSBG_00483	28.947	76	43	3	84	148	17	92	8.6	18.5
OPPBIMDH_04982	SSBG_00482	30.000	70	43	3	71	138	41	106	9.9	18.1
OPPBIMDH_04983	SSBG_00500	43.289	298	162	2	2	293	10	306	7.31e-69	208
OPPBIMDH_04983	SSBG_00511	30.651	261	157	11	44	292	54	302	8.44e-15	64.3
OPPBIMDH_04983	SSBG_00496	30.693	101	54	4	3	88	7	106	0.046	25.0
OPPBIMDH_04983	SSBG_00493	33.824	68	41	2	19	82	247	314	1.2	20.8
OPPBIMDH_04983	SSBG_00512	40.741	27	15	1	205	231	213	238	1.4	20.4
OPPBIMDH_04983	SSBG_00509	38.235	34	20	1	41	74	42	74	2.8	19.6
OPPBIMDH_04983	SSBG_00487	35.714	28	18	0	26	53	27	54	5.1	18.9
OPPBIMDH_04983	SSBG_00513	30.380	79	50	3	25	103	114	187	8.1	18.1
OPPBIMDH_04983	SSBG_00505	43.750	16	9	0	81	96	35	50	9.5	18.1
OPPBIMDH_04984	SSBG_00499	46.073	191	102	1	6	195	10	200	2.47e-53	161
OPPBIMDH_04984	SSBG_00478	45.455	22	12	0	114	135	243	264	0.63	21.2
OPPBIMDH_04984	SSBG_00511	45.833	24	13	0	1	24	248	271	1.2	20.4
OPPBIMDH_04984	SSBG_00495	42.308	26	14	1	90	114	78	103	2.9	18.5
OPPBIMDH_04984	SSBG_00510	35.849	53	30	3	16	68	153	201	4.9	18.5
OPPBIMDH_04984	SSBG_00497	36.667	30	18	1	93	121	37	66	8.8	17.7
OPPBIMDH_04985	SSBG_00502	29.330	358	230	9	16	366	22	363	7.22e-27	100
OPPBIMDH_04985	SSBG_00513	28.479	309	188	5	25	306	61	363	2.12e-24	94.7
OPPBIMDH_04985	SSBG_00497	30.645	62	36	2	295	351	336	395	0.14	24.3
OPPBIMDH_04985	SSBG_00496	54.167	24	9	1	47	68	7	30	0.29	23.1
OPPBIMDH_04985	SSBG_00501	29.268	41	28	1	59	98	110	150	1.9	20.8
OPPBIMDH_04985	SSBG_00500	37.931	29	14	1	341	369	282	306	4.4	19.2
OPPBIMDH_04985	SSBG_00478	34.483	29	19	0	90	118	251	279	4.9	19.2
OPPBIMDH_04986	SSBG_00503	77.273	286	65	0	1	286	1	286	1.77e-157	432
OPPBIMDH_04986	SSBG_00501	26.154	65	47	1	174	238	152	215	0.12	23.9
OPPBIMDH_04986	SSBG_00488	22.449	98	73	1	143	240	15	109	0.33	22.3
OPPBIMDH_04986	SSBG_00491	33.333	33	22	0	80	112	53	85	0.33	22.7
OPPBIMDH_04986	SSBG_00513	32.000	25	17	0	105	129	379	403	3.5	19.2
OPPBIMDH_04986	SSBG_00513	38.462	26	16	0	219	244	348	373	6.1	18.5
OPPBIMDH_04986	SSBG_00490	50.000	18	9	0	59	76	264	281	3.5	19.2
OPPBIMDH_04986	SSBG_00485	27.273	88	50	3	192	269	18	101	4.4	19.2
OPPBIMDH_04986	SSBG_00494	34.375	32	18	1	4	32	192	223	6.4	18.5
OPPBIMDH_04986	SSBG_00484	46.154	13	7	0	192	204	87	99	9.0	18.1
OPPBIMDH_04987	SSBG_00479	29.661	118	73	3	725	841	134	242	1.03e-06	42.0
OPPBIMDH_04987	SSBG_00479	28.916	83	54	2	384	463	135	215	2.90e-04	33.9
OPPBIMDH_04987	SSBG_00479	38.462	26	16	0	527	552	26	51	0.083	26.2
OPPBIMDH_04987	SSBG_00500	27.344	128	76	4	31	156	170	282	0.047	26.9
OPPBIMDH_04987	SSBG_00500	45.455	22	12	0	280	301	138	159	4.0	20.8
OPPBIMDH_04987	SSBG_00492	28.571	35	25	0	577	611	45	79	1.3	21.2
OPPBIMDH_04987	SSBG_00513	24.096	83	49	3	743	811	179	261	1.7	21.9
OPPBIMDH_04987	SSBG_00491	36.111	36	18	1	452	487	316	346	2.9	21.2
OPPBIMDH_04987	SSBG_00485	34.426	61	24	3	472	519	27	84	5.7	20.4
OPPBIMDH_04987	SSBG_00485	35.484	31	13	1	479	509	439	462	7.5	20.0
OPPBIMDH_04987	SSBG_00502	37.500	24	15	0	176	199	134	157	6.1	20.0
OPPBIMDH_04987	SSBG_00496	34.667	75	33	5	424	485	38	109	6.9	20.0
OPPBIMDH_04987	SSBG_00512	38.462	39	23	1	741	779	110	147	9.9	19.6
OPPBIMDH_04988	SSBG_00483	45.489	266	140	3	12	273	1	265	2.30e-62	189
OPPBIMDH_04988	SSBG_00500	47.222	36	19	0	2	37	11	46	0.054	25.0
OPPBIMDH_04988	SSBG_00481	57.895	19	8	0	250	268	153	171	0.094	23.9
OPPBIMDH_04988	SSBG_00511	25.490	51	38	0	170	220	224	274	0.52	21.9
OPPBIMDH_04988	SSBG_00493	57.143	14	6	0	52	65	275	288	3.8	19.2
OPPBIMDH_04988	SSBG_00487	34.884	43	26	2	78	118	173	215	4.3	18.9
OPPBIMDH_04988	SSBG_00488	34.043	47	27	2	87	132	8	51	4.6	18.5
OPPBIMDH_04988	SSBG_00479	31.818	22	15	0	250	271	128	149	5.8	18.5
OPPBIMDH_04988	SSBG_00499	42.105	19	11	0	239	257	67	85	6.0	18.5
OPPBIMDH_04988	SSBG_00497	61.538	13	5	0	252	264	297	309	7.3	18.1
OPPBIMDH_04988	SSBG_00507	26.667	30	22	0	183	212	89	118	8.0	17.7
OPPBIMDH_04988	SSBG_00485	37.209	43	19	3	61	103	168	202	9.8	17.7
OPPBIMDH_04989	SSBG_00493	37.500	24	14	1	82	104	74	97	2.7	18.9
OPPBIMDH_04989	SSBG_00497	50.000	20	10	0	31	50	70	89	3.6	18.5
OPPBIMDH_04989	SSBG_00497	32.500	40	21	2	139	172	176	215	8.8	17.3
OPPBIMDH_04989	SSBG_00494	50.000	20	9	1	24	43	7	25	3.6	18.5
OPPBIMDH_04989	SSBG_00494	42.308	26	14	1	14	38	351	376	9.0	17.3
OPPBIMDH_04989	SSBG_00505	21.311	61	43	2	37	97	173	228	3.8	18.1
OPPBIMDH_04989	SSBG_00501	43.750	48	19	4	123	168	302	343	4.3	18.1
OPPBIMDH_04989	SSBG_00485	41.667	24	14	0	122	145	56	79	7.1	17.7
OPPBIMDH_04989	SSBG_00503	22.857	35	27	0	21	55	2	36	7.4	17.3
OPPBIMDH_04989	SSBG_00495	72.727	11	3	0	161	171	74	84	8.8	16.9
OPPBIMDH_04989	SSBG_00511	32.000	25	17	0	119	143	141	165	9.9	16.9
OPPBIMDH_04990	SSBG_00511	60.968	310	116	3	6	313	1	307	7.38e-126	356
OPPBIMDH_04990	SSBG_00500	27.411	197	127	7	122	310	115	303	1.06e-06	40.0
OPPBIMDH_04990	SSBG_00495	27.273	55	39	1	5	58	21	75	1.1	20.8
OPPBIMDH_04990	SSBG_00510	33.962	53	30	2	6	53	60	112	2.8	20.0
OPPBIMDH_04990	SSBG_00501	25.806	31	23	0	69	99	97	127	3.0	20.0
OPPBIMDH_04990	SSBG_00490	46.154	26	14	0	14	39	107	132	3.6	19.6
OPPBIMDH_04990	SSBG_00496	33.333	33	18	1	149	181	155	183	5.1	18.9
OPPBIMDH_04991	SSBG_00514	47.059	17	9	0	251	267	127	143	0.085	25.0
OPPBIMDH_04991	SSBG_00498	24.242	33	25	0	364	396	335	367	1.2	21.2
OPPBIMDH_04991	SSBG_00490	34.783	23	12	1	128	147	182	204	4.9	19.2
OPPBIMDH_04991	SSBG_00504	29.545	44	27	1	78	121	14	53	5.3	19.2
OPPBIMDH_04991	SSBG_00511	46.667	15	8	0	279	293	279	293	7.0	18.9
OPPBIMDH_04991	SSBG_00511	31.373	51	30	2	281	330	82	128	9.4	18.5
OPPBIMDH_04991	SSBG_00509	50.000	18	9	0	38	55	331	348	7.4	18.9
OPPBIMDH_04992	SSBG_00501	28.025	157	85	8	165	311	225	363	0.97	21.2
OPPBIMDH_04992	SSBG_00491	35.938	64	31	3	263	323	11	67	1.1	21.2
OPPBIMDH_04992	SSBG_00505	32.000	25	17	0	201	225	43	67	2.9	19.6
OPPBIMDH_04992	SSBG_00513	36.364	22	14	0	15	36	67	88	3.6	19.6
OPPBIMDH_04992	SSBG_00503	58.333	12	5	0	157	168	263	274	7.6	18.5
OPPBIMDH_04993	SSBG_00511	26.923	52	37	1	226	277	247	297	3.9	19.2
OPPBIMDH_04993	SSBG_00487	36.842	38	15	1	122	159	177	205	7.3	18.5
OPPBIMDH_04993	SSBG_00495	66.667	9	3	0	206	214	52	60	8.4	17.7
OPPBIMDH_04993	SSBG_00502	23.077	65	35	1	79	128	267	331	8.9	18.1
OPPBIMDH_04993	SSBG_00501	83.333	6	1	0	88	93	82	87	9.7	18.1
OPPBIMDH_04994	SSBG_00493	35.556	45	28	1	326	370	250	293	1.0	21.9
OPPBIMDH_04994	SSBG_00510	46.667	30	14	1	402	429	98	127	1.7	21.2
OPPBIMDH_04994	SSBG_00500	57.143	14	6	0	347	360	5	18	2.2	20.8
OPPBIMDH_04994	SSBG_00514	47.368	19	10	0	76	94	268	286	3.0	20.4
OPPBIMDH_04994	SSBG_00508	29.688	64	32	3	291	341	148	211	3.5	20.0
OPPBIMDH_04994	SSBG_00498	70.000	10	3	0	116	125	382	391	7.8	18.9
OPPBIMDH_04994	SSBG_00485	26.316	57	38	2	259	313	224	278	9.0	18.9
OPPBIMDH_04994	SSBG_00509	47.826	23	11	1	389	411	192	213	9.0	18.9
OPPBIMDH_04994	SSBG_00479	36.364	33	15	1	117	143	175	207	9.2	18.9
OPPBIMDH_04995	SSBG_00511	43.333	30	17	0	233	262	285	314	0.55	21.6
OPPBIMDH_04995	SSBG_00482	37.037	27	17	0	175	201	110	136	0.56	21.2
OPPBIMDH_04995	SSBG_00479	32.727	55	35	1	167	221	215	267	2.3	19.6
OPPBIMDH_04995	SSBG_00502	38.710	31	16	1	85	112	339	369	3.1	19.2
OPPBIMDH_04995	SSBG_00487	55.556	18	8	0	17	34	91	108	4.6	18.9
OPPBIMDH_04995	SSBG_00483	47.619	21	11	0	120	140	32	52	7.0	18.1
OPPBIMDH_04995	SSBG_00493	41.379	29	15	1	241	269	288	314	8.2	18.1
OPPBIMDH_04995	SSBG_00493	38.095	21	13	0	13	33	210	230	9.4	17.7
OPPBIMDH_04995	SSBG_00514	38.889	18	11	0	200	217	101	118	9.7	17.7
OPPBIMDH_04995	SSBG_00509	39.394	33	15	1	83	115	217	244	9.8	17.7
OPPBIMDH_04996	SSBG_00513	64.706	17	6	0	12	28	55	71	0.89	22.3
OPPBIMDH_04996	SSBG_00491	40.000	20	12	0	532	551	100	119	4.2	20.0
OPPBIMDH_04996	SSBG_00488	31.579	38	20	1	471	508	62	93	5.3	19.6
OPPBIMDH_04996	SSBG_00512	31.579	19	13	0	360	378	257	275	9.8	18.9
OPPBIMDH_04997	SSBG_00479	32.683	205	136	2	21	224	23	226	3.41e-22	86.7
OPPBIMDH_04997	SSBG_00513	32.000	50	24	2	192	231	148	197	0.59	22.3
OPPBIMDH_04997	SSBG_00489	26.230	61	39	1	155	209	170	230	0.81	21.6
OPPBIMDH_04997	SSBG_00492	27.778	36	26	0	237	272	37	72	2.8	19.2
OPPBIMDH_04997	SSBG_00504	27.500	40	28	1	73	112	141	179	4.2	19.2
OPPBIMDH_04997	SSBG_00484	40.000	40	20	2	282	319	143	180	6.4	18.9
OPPBIMDH_04997	SSBG_00512	34.483	29	19	0	240	268	154	182	7.6	18.5
OPPBIMDH_04997	SSBG_00503	70.000	10	3	0	61	70	93	102	9.5	18.1
OPPBIMDH_04997	SSBG_00498	36.667	30	17	1	158	187	57	84	9.8	18.1
OPPBIMDH_04998	SSBG_00513	37.500	24	12	1	42	62	416	439	4.5	19.2
OPPBIMDH_04998	SSBG_00496	32.258	31	18	2	232	259	199	229	5.2	18.9
OPPBIMDH_04998	SSBG_00493	45.946	37	17	2	102	137	202	236	5.7	18.9
OPPBIMDH_04998	SSBG_00501	21.898	137	86	6	75	199	107	234	8.3	18.5
OPPBIMDH_04999	SSBG_00479	28.986	69	42	2	265	331	163	226	0.25	23.5
OPPBIMDH_04999	SSBG_00512	35.000	40	21	2	184	220	193	230	0.43	22.7
OPPBIMDH_04999	SSBG_00496	28.767	73	42	2	81	153	1	63	1.1	21.2
OPPBIMDH_04999	SSBG_00496	38.095	21	13	0	48	68	117	137	4.0	19.6
OPPBIMDH_04999	SSBG_00503	36.667	30	17	1	97	124	247	276	1.6	20.8
OPPBIMDH_04999	SSBG_00501	47.826	23	12	0	298	320	363	385	1.8	20.8
OPPBIMDH_04999	SSBG_00514	37.500	32	15	1	275	306	25	51	2.5	20.4
OPPBIMDH_04999	SSBG_00488	42.857	14	8	0	168	181	122	135	8.6	18.1
OPPBIMDH_05000	SSBG_00486	26.562	64	44	2	26	89	4	64	5.5	20.0
OPPBIMDH_05000	SSBG_00478	39.130	23	14	0	700	722	91	113	5.5	20.4
OPPBIMDH_05000	SSBG_00489	37.143	35	15	1	653	687	140	167	7.4	20.0
OPPBIMDH_05000	SSBG_00498	18.462	65	53	0	365	429	17	81	8.8	19.6
OPPBIMDH_05001	SSBG_00508	42.105	19	11	0	88	106	118	136	1.0	20.4
OPPBIMDH_05001	SSBG_00479	39.130	23	14	0	93	115	265	287	1.9	19.2
OPPBIMDH_05001	SSBG_00507	52.941	17	8	0	147	163	113	129	3.7	18.5
OPPBIMDH_05001	SSBG_00493	42.308	26	15	0	14	39	374	399	7.1	17.7
OPPBIMDH_05001	SSBG_00494	39.130	23	14	0	127	149	251	273	7.7	17.7
OPPBIMDH_05002	SSBG_00495	31.429	35	24	0	68	102	2	36	0.046	25.0
OPPBIMDH_05002	SSBG_00509	44.828	29	16	0	302	330	417	445	1.6	21.2
OPPBIMDH_05002	SSBG_00510	34.483	29	18	1	308	336	244	271	8.8	18.9
OPPBIMDH_05003	SSBG_00501	25.191	131	90	5	168	296	270	394	0.78	21.9
OPPBIMDH_05003	SSBG_00495	31.818	44	29	1	122	164	30	73	0.96	21.2
OPPBIMDH_05003	SSBG_00508	34.286	35	22	1	113	147	196	229	0.96	21.6
OPPBIMDH_05003	SSBG_00505	58.824	17	7	0	366	382	168	184	2.4	20.4
OPPBIMDH_05003	SSBG_00509	33.333	36	21	1	158	193	14	46	7.7	18.9
OPPBIMDH_05004	SSBG_00481	35.000	20	13	0	42	61	24	43	2.6	16.9
OPPBIMDH_05004	SSBG_00496	57.143	7	3	0	50	56	104	110	7.1	15.8
OPPBIMDH_05004	SSBG_00510	40.000	15	9	0	49	63	210	224	7.4	15.8
OPPBIMDH_05004	SSBG_00492	26.471	34	20	1	2	35	47	75	7.5	15.4
OPPBIMDH_05004	SSBG_00487	30.556	36	25	0	7	42	244	279	7.9	15.8
OPPBIMDH_05004	SSBG_00505	42.857	28	11	2	48	70	91	118	8.2	15.8
OPPBIMDH_05005	SSBG_00509	37.354	257	155	3	130	383	162	415	1.95e-31	115
OPPBIMDH_05005	SSBG_00485	42.105	38	20	2	290	325	49	86	0.040	26.2
OPPBIMDH_05005	SSBG_00513	38.095	21	13	0	162	182	259	279	0.52	22.7
OPPBIMDH_05005	SSBG_00497	53.333	15	7	0	149	163	379	393	1.4	21.2
OPPBIMDH_05005	SSBG_00497	27.419	62	44	1	251	311	252	313	2.9	20.0
OPPBIMDH_05005	SSBG_00479	42.857	28	16	0	146	173	298	325	4.7	19.2
OPPBIMDH_05005	SSBG_00483	50.000	16	8	0	300	315	3	18	5.8	19.2
OPPBIMDH_05005	SSBG_00486	37.838	37	15	1	181	217	95	123	9.2	18.5
OPPBIMDH_05006	SSBG_00497	36.364	33	21	0	871	903	37	69	4.8	21.9
OPPBIMDH_05006	SSBG_00485	25.000	124	80	5	1050	1166	314	431	5.3	21.9
OPPBIMDH_05006	SSBG_00509	50.000	26	12	1	563	587	194	219	5.5	21.9
OPPBIMDH_05006	SSBG_00489	27.143	70	48	2	732	798	202	271	5.7	21.6
OPPBIMDH_05007	SSBG_00502	33.981	103	55	4	2065	2165	34	125	0.42	25.8
OPPBIMDH_05007	SSBG_00497	31.944	72	35	3	1547	1608	273	340	1.6	23.9
OPPBIMDH_05007	SSBG_00490	54.545	33	11	2	1438	1466	280	312	2.4	23.1
OPPBIMDH_05007	SSBG_00483	40.000	45	20	2	2059	2103	180	217	3.2	22.7
OPPBIMDH_05007	SSBG_00505	42.105	19	11	0	281	299	17	35	3.4	22.7
OPPBIMDH_05007	SSBG_00491	28.000	50	34	1	481	530	258	305	5.1	21.9
OPPBIMDH_05007	SSBG_00501	27.848	79	56	1	1329	1406	297	375	6.1	21.9
OPPBIMDH_05008	SSBG_00498	31.707	82	49	4	342	419	232	310	0.41	25.4
OPPBIMDH_05008	SSBG_00498	41.026	39	22	1	1402	1439	272	310	0.74	24.6
OPPBIMDH_05008	SSBG_00507	29.787	47	33	0	1661	1707	76	122	1.4	23.1
OPPBIMDH_05008	SSBG_00484	31.111	45	30	1	55	98	5	49	1.8	23.1
OPPBIMDH_05008	SSBG_00513	45.000	20	11	0	1350	1369	96	115	1.9	23.1
OPPBIMDH_05008	SSBG_00508	31.373	51	35	0	1667	1717	200	250	3.0	22.3
OPPBIMDH_05008	SSBG_00496	33.333	36	23	1	622	656	154	189	3.1	22.3
OPPBIMDH_05008	SSBG_00496	27.027	37	26	1	1642	1677	154	190	8.8	20.8
OPPBIMDH_05008	SSBG_00509	28.378	74	49	1	8	81	376	445	3.2	22.3
OPPBIMDH_05008	SSBG_00510	48.276	29	13	1	854	880	367	395	4.2	21.9
OPPBIMDH_05008	SSBG_00510	32.692	52	28	1	1007	1058	151	195	6.6	21.6
OPPBIMDH_05008	SSBG_00511	43.478	23	10	1	1715	1734	159	181	4.8	21.9
OPPBIMDH_05008	SSBG_00504	29.032	31	22	0	576	606	166	196	5.4	21.6
OPPBIMDH_05008	SSBG_00504	29.032	31	22	0	1596	1626	166	196	5.4	21.6
OPPBIMDH_05008	SSBG_00512	44.444	36	15	2	1989	2019	14	49	6.4	21.2
OPPBIMDH_05008	SSBG_00491	27.500	80	51	1	623	695	81	160	7.3	21.2
OPPBIMDH_05008	SSBG_00485	36.538	52	32	1	387	438	48	98	7.9	21.2
OPPBIMDH_05008	SSBG_00485	36.538	52	32	1	1407	1458	48	98	7.9	21.2
OPPBIMDH_05008	SSBG_00500	43.902	41	19	2	1200	1239	103	140	7.9	21.2
OPPBIMDH_05008	SSBG_00505	33.333	45	26	1	27	71	59	99	9.1	20.8
OPPBIMDH_05009	SSBG_00494	30.769	39	25	2	134	171	209	246	1.5	20.8
OPPBIMDH_05009	SSBG_00494	28.814	59	34	2	113	168	57	110	5.1	19.2
OPPBIMDH_05009	SSBG_00498	32.353	34	20	1	62	95	158	188	3.8	19.6
OPPBIMDH_05009	SSBG_00509	40.000	40	14	2	57	96	221	250	4.1	19.2
OPPBIMDH_05009	SSBG_00509	50.000	20	10	0	262	281	398	417	6.9	18.5
OPPBIMDH_05009	SSBG_00479	28.358	67	40	2	206	266	29	93	4.8	19.2
OPPBIMDH_05009	SSBG_00481	56.250	16	7	0	86	101	66	81	7.5	18.5
OPPBIMDH_05009	SSBG_00486	42.857	21	12	0	24	44	58	78	7.6	18.1
OPPBIMDH_05009	SSBG_00495	28.000	25	18	0	272	296	41	65	9.0	17.7
OPPBIMDH_05010	SSBG_00498	38.889	18	11	0	19	36	398	415	1.5	17.3
OPPBIMDH_05010	SSBG_00497	45.833	24	13	0	36	59	363	386	2.5	16.9
OPPBIMDH_05010	SSBG_00510	66.667	6	2	0	7	12	310	315	5.2	15.8
OPPBIMDH_05011	SSBG_00502	45.455	33	17	1	13	45	313	344	0.50	23.5
OPPBIMDH_05011	SSBG_00497	52.941	17	8	0	539	555	74	90	1.6	21.6
OPPBIMDH_05011	SSBG_00501	75.000	12	3	0	102	113	45	56	1.9	21.6
OPPBIMDH_05011	SSBG_00501	33.962	53	27	2	37	81	199	251	8.3	19.2
OPPBIMDH_05011	SSBG_00481	36.667	30	18	1	610	638	38	67	2.1	21.2
OPPBIMDH_05011	SSBG_00512	42.105	19	11	0	340	358	164	182	6.1	19.6
OPPBIMDH_05011	SSBG_00493	33.333	57	34	1	384	440	325	377	7.5	19.6
OPPBIMDH_05011	SSBG_00511	28.736	87	39	3	484	570	263	326	8.1	19.2
OPPBIMDH_05011	SSBG_00514	23.881	67	38	2	211	268	36	98	8.4	19.2
OPPBIMDH_05011	SSBG_00504	50.000	12	6	0	117	128	134	145	8.6	19.2
OPPBIMDH_05012	SSBG_00499	30.556	72	35	3	105	165	137	204	1.6	19.6
OPPBIMDH_05012	SSBG_00502	30.769	39	27	0	157	195	31	69	6.4	18.1
OPPBIMDH_05012	SSBG_00489	66.667	9	3	0	1	9	214	222	7.1	18.1
OPPBIMDH_05012	SSBG_00484	26.923	52	34	1	85	132	109	160	9.1	17.7
OPPBIMDH_05013	SSBG_00490	38.889	18	11	0	81	98	278	295	4.0	17.3
OPPBIMDH_05013	SSBG_00499	50.000	16	8	0	39	54	2	17	5.6	16.5
OPPBIMDH_05014	SSBG_00508	37.500	32	20	0	85	116	71	102	7.4	18.1
OPPBIMDH_05014	SSBG_00501	38.095	21	13	0	60	80	227	247	8.2	18.1
OPPBIMDH_05015	SSBG_00514	75.000	8	2	0	14	21	301	308	1.7	18.1
OPPBIMDH_05015	SSBG_00497	28.571	21	15	0	17	37	48	68	6.6	16.5
OPPBIMDH_05015	SSBG_00487	43.478	23	9	1	67	89	216	234	7.0	16.2
OPPBIMDH_05015	SSBG_00500	28.571	21	15	0	2	22	186	206	9.2	15.8
OPPBIMDH_05016	SSBG_00478	40.000	15	9	0	44	58	11	25	2.9	18.1
OPPBIMDH_05016	SSBG_00511	25.000	36	27	0	65	100	27	62	3.1	18.1
OPPBIMDH_05016	SSBG_00481	36.842	38	15	2	5	42	72	100	3.5	18.1
OPPBIMDH_05016	SSBG_00491	71.429	7	2	0	83	89	151	157	6.1	17.3
OPPBIMDH_05016	SSBG_00514	31.034	29	20	0	13	41	286	314	8.7	16.9
OPPBIMDH_05016	SSBG_00500	50.000	20	4	1	15	34	101	114	9.0	16.9
OPPBIMDH_05016	SSBG_00489	29.787	47	31	2	46	92	109	153	9.2	16.5
OPPBIMDH_05017	SSBG_00496	32.258	62	31	3	30	91	5	55	0.14	21.9
OPPBIMDH_05017	SSBG_00481	42.424	33	16	1	78	107	42	74	0.15	21.9
OPPBIMDH_05017	SSBG_00489	36.364	33	17	1	18	50	159	187	2.8	18.1
OPPBIMDH_05017	SSBG_00482	36.000	25	16	0	44	68	94	118	5.3	17.3
OPPBIMDH_05017	SSBG_00483	31.818	22	15	0	73	94	120	141	7.7	16.9
OPPBIMDH_05017	SSBG_00511	83.333	6	1	0	102	107	305	310	9.3	16.5
OPPBIMDH_05018	SSBG_00513	66.667	18	6	0	29	46	327	344	0.19	23.9
OPPBIMDH_05018	SSBG_00502	34.615	26	17	0	136	161	3	28	1.2	21.2
OPPBIMDH_05018	SSBG_00511	52.941	17	8	0	341	357	298	314	3.0	20.0
OPPBIMDH_05018	SSBG_00512	46.429	28	12	1	176	200	193	220	5.0	19.2
OPPBIMDH_05018	SSBG_00504	71.429	7	2	0	218	224	15	21	5.2	18.9
OPPBIMDH_05018	SSBG_00505	36.842	19	12	0	92	110	92	110	5.6	18.9
OPPBIMDH_05018	SSBG_00481	40.000	15	9	0	116	130	89	103	7.2	18.5
OPPBIMDH_05018	SSBG_00482	54.545	11	5	0	130	140	6	16	9.7	18.1
OPPBIMDH_05019	SSBG_00498	26.829	41	29	1	51	90	77	117	0.15	22.3
OPPBIMDH_05019	SSBG_00489	25.000	60	38	1	34	93	9	61	0.32	21.2
OPPBIMDH_05019	SSBG_00485	30.631	111	52	7	4	107	53	145	0.65	20.4
OPPBIMDH_05019	SSBG_00483	40.909	22	13	0	30	51	130	151	2.8	18.1
OPPBIMDH_05019	SSBG_00483	28.571	14	10	0	93	106	250	263	7.4	16.9
OPPBIMDH_05019	SSBG_00496	77.778	9	2	0	10	18	86	94	4.0	17.7
OPPBIMDH_05019	SSBG_00491	50.000	16	8	0	103	118	202	217	4.4	17.7
OPPBIMDH_05019	SSBG_00482	24.074	54	30	2	19	61	10	63	5.4	17.3
OPPBIMDH_05019	SSBG_00479	35.714	28	18	0	101	128	225	252	6.5	17.3
OPPBIMDH_05019	SSBG_00504	70.000	10	3	0	8	17	230	239	7.6	16.9
OPPBIMDH_05020	SSBG_00481	30.189	53	34	1	69	118	42	94	0.005	26.2
OPPBIMDH_05020	SSBG_00490	42.308	26	12	1	8	30	198	223	1.2	19.2
OPPBIMDH_05020	SSBG_00494	32.143	28	19	0	76	103	8	35	6.8	16.9
OPPBIMDH_05021	SSBG_00478	52.632	19	6	1	15	33	44	59	0.85	20.8
OPPBIMDH_05021	SSBG_00478	28.767	73	27	2	8	57	34	104	2.8	19.2
OPPBIMDH_05021	SSBG_00491	61.538	13	5	0	58	70	71	83	1.4	20.0
OPPBIMDH_05021	SSBG_00508	28.829	111	57	5	102	201	158	257	3.3	18.9
OPPBIMDH_05021	SSBG_00499	46.154	13	7	0	189	201	98	110	3.9	18.5
OPPBIMDH_05021	SSBG_00489	70.000	10	3	0	127	136	34	43	5.6	18.1
OPPBIMDH_05021	SSBG_00494	32.258	62	33	1	105	157	234	295	9.4	17.7
OPPBIMDH_05022	SSBG_00504	27.059	85	49	3	81	165	80	151	0.43	22.3
OPPBIMDH_05022	SSBG_00502	33.333	24	16	0	50	73	332	355	0.96	21.2
OPPBIMDH_05022	SSBG_00497	64.706	17	4	1	48	64	379	393	2.7	19.6
OPPBIMDH_05022	SSBG_00497	33.333	27	18	0	90	116	203	229	3.0	19.6
OPPBIMDH_05022	SSBG_00500	63.636	11	4	0	293	303	293	303	3.5	19.2
OPPBIMDH_05022	SSBG_00507	58.333	12	5	0	100	111	109	120	4.0	18.9
OPPBIMDH_05022	SSBG_00503	36.842	38	23	1	148	185	138	174	4.2	19.2
OPPBIMDH_05022	SSBG_00496	50.000	12	6	0	200	211	63	74	6.5	18.5
OPPBIMDH_05022	SSBG_00489	45.000	20	11	0	59	78	123	142	8.1	18.1
OPPBIMDH_05023	SSBG_00513	31.707	41	26	2	86	125	82	121	1.1	19.6
OPPBIMDH_05023	SSBG_00485	23.529	34	26	0	92	125	209	242	2.8	18.5
OPPBIMDH_05023	SSBG_00497	33.333	30	20	0	63	92	174	203	5.6	17.3
OPPBIMDH_05023	SSBG_00504	26.087	46	27	1	78	116	132	177	5.6	17.3
OPPBIMDH_05023	SSBG_00507	32.258	31	15	1	39	69	105	129	8.1	16.5
OPPBIMDH_05023	SSBG_00488	47.059	17	7	1	76	92	96	110	8.5	16.5
OPPBIMDH_05024	SSBG_00510	38.776	49	29	1	209	257	244	291	0.72	22.3
OPPBIMDH_05024	SSBG_00504	37.500	40	19	1	8	47	132	165	1.8	20.8
OPPBIMDH_05024	SSBG_00509	35.000	80	37	3	378	451	195	265	2.9	20.4
OPPBIMDH_05024	SSBG_00501	32.727	55	35	2	81	134	386	439	8.7	18.9
OPPBIMDH_05024	SSBG_00493	32.955	88	43	3	369	440	214	301	9.5	18.5
OPPBIMDH_05024	SSBG_00497	29.167	72	26	3	47	118	69	115	10.0	18.5
OPPBIMDH_05025	SSBG_00485	52.381	21	10	0	94	114	302	322	1.2	21.2
OPPBIMDH_05025	SSBG_00502	52.000	25	12	0	248	272	104	128	1.7	20.4
OPPBIMDH_05025	SSBG_00487	63.636	11	4	0	242	252	46	56	2.3	20.0
OPPBIMDH_05025	SSBG_00482	29.787	47	32	1	239	285	53	98	2.8	19.6
OPPBIMDH_05025	SSBG_00514	32.000	50	34	0	24	73	45	94	4.5	19.2
OPPBIMDH_05025	SSBG_00494	30.556	36	23	1	71	104	141	176	4.6	19.2
OPPBIMDH_05025	SSBG_00511	41.379	29	15	1	252	278	23	51	4.6	19.2
OPPBIMDH_05025	SSBG_00509	50.000	32	15	1	172	202	74	105	5.5	18.9
OPPBIMDH_05025	SSBG_00503	58.824	17	7	0	291	307	81	97	5.9	18.9
OPPBIMDH_05025	SSBG_00491	39.024	41	16	2	245	276	156	196	6.9	18.5
OPPBIMDH_05025	SSBG_00483	36.735	49	27	1	121	169	26	70	7.0	18.5
OPPBIMDH_05025	SSBG_00505	34.615	26	12	1	57	77	15	40	9.1	18.1
OPPBIMDH_05026	SSBG_00511	33.333	42	26	2	328	368	178	218	1.7	20.8
OPPBIMDH_05026	SSBG_00489	37.500	24	15	0	144	167	152	175	1.9	20.8
OPPBIMDH_05026	SSBG_00489	40.000	20	12	0	245	264	251	270	8.8	18.5
OPPBIMDH_05026	SSBG_00514	27.907	43	31	0	269	311	214	256	2.2	20.4
OPPBIMDH_05026	SSBG_00513	40.000	35	18	1	203	237	241	272	3.0	20.0
OPPBIMDH_05026	SSBG_00486	40.909	22	12	1	67	88	88	108	3.5	19.6
OPPBIMDH_05026	SSBG_00483	29.268	41	29	0	157	197	49	89	3.8	19.6
OPPBIMDH_05026	SSBG_00479	28.571	28	20	0	61	88	14	41	7.9	18.9
OPPBIMDH_05026	SSBG_00510	38.095	21	13	0	324	344	41	61	8.0	18.9
OPPBIMDH_05026	SSBG_00487	72.727	11	3	0	128	138	90	100	8.4	18.5
OPPBIMDH_05027	SSBG_00498	26.136	88	39	4	38	112	136	210	1.5	18.9
OPPBIMDH_05027	SSBG_00498	33.333	18	12	0	29	46	11	28	3.2	18.1
OPPBIMDH_05027	SSBG_00498	33.333	18	12	0	83	100	115	132	5.1	17.3
OPPBIMDH_05027	SSBG_00497	30.693	101	54	7	13	100	19	116	2.0	18.5
OPPBIMDH_05027	SSBG_00497	60.000	10	4	0	88	97	225	234	3.0	18.1
OPPBIMDH_05027	SSBG_00497	62.500	8	3	0	87	94	396	403	9.9	16.5
OPPBIMDH_05027	SSBG_00511	31.579	57	25	3	59	103	111	165	2.1	18.5
OPPBIMDH_05027	SSBG_00494	50.000	16	8	0	34	49	256	271	4.1	17.7
OPPBIMDH_05027	SSBG_00509	35.484	31	16	1	98	124	302	332	4.8	17.7
OPPBIMDH_05027	SSBG_00493	34.483	29	19	0	101	129	154	182	10.0	16.5
OPPBIMDH_05028	SSBG_00500	43.750	16	9	0	130	145	178	193	6.1	18.1
OPPBIMDH_05028	SSBG_00478	40.909	22	10	1	124	145	8	26	7.3	17.7
OPPBIMDH_05029	SSBG_00489	27.381	84	45	4	197	265	3	85	0.027	26.9
OPPBIMDH_05029	SSBG_00494	33.803	71	26	4	383	433	62	131	0.20	24.3
OPPBIMDH_05029	SSBG_00494	48.276	29	14	1	230	258	239	266	1.0	21.9
OPPBIMDH_05029	SSBG_00497	26.316	76	53	1	217	289	220	295	0.57	22.7
OPPBIMDH_05029	SSBG_00497	33.333	33	22	0	313	345	180	212	2.0	21.2
OPPBIMDH_05029	SSBG_00500	39.130	46	17	2	347	389	198	235	1.5	21.2
OPPBIMDH_05029	SSBG_00509	38.462	26	14	1	240	265	88	111	4.7	19.6
OPPBIMDH_05029	SSBG_00504	37.500	32	16	1	227	258	42	69	5.5	19.6
OPPBIMDH_05029	SSBG_00484	50.000	12	6	0	227	238	42	53	7.5	18.9
OPPBIMDH_05029	SSBG_00493	62.500	16	5	1	18	32	42	57	7.7	19.2
OPPBIMDH_05029	SSBG_00479	41.176	17	10	0	212	228	176	192	7.8	19.2
OPPBIMDH_05029	SSBG_00503	63.636	11	4	0	361	371	159	169	8.2	18.9
OPPBIMDH_05029	SSBG_00483	29.167	24	17	0	438	461	119	142	9.7	18.9
