ONHDLDEL_08747	SSBG_00493	35.556	45	28	1	340	384	250	293	0.97	21.9
ONHDLDEL_08747	SSBG_00510	46.667	30	14	1	416	443	98	127	1.7	21.2
ONHDLDEL_08747	SSBG_00500	57.143	14	6	0	361	374	5	18	2.3	20.8
ONHDLDEL_08747	SSBG_00508	29.688	64	32	3	305	355	148	211	3.6	20.0
ONHDLDEL_08747	SSBG_00498	70.000	10	3	0	130	139	382	391	7.9	19.2
ONHDLDEL_08747	SSBG_00479	34.286	35	17	1	131	159	175	209	9.0	18.9
ONHDLDEL_08747	SSBG_00509	47.826	23	11	1	403	425	192	213	9.3	18.9
ONHDLDEL_08748	SSBG_00486	30.435	23	16	0	74	96	5	27	1.3	18.5
ONHDLDEL_08748	SSBG_00507	53.333	15	7	0	28	42	129	143	4.4	16.9
ONHDLDEL_08748	SSBG_00484	39.130	23	13	1	16	37	216	238	5.7	16.9
ONHDLDEL_08748	SSBG_00485	30.000	30	21	0	46	75	68	97	7.8	16.5
ONHDLDEL_08748	SSBG_00503	71.429	7	2	0	2	8	159	165	8.5	16.2
ONHDLDEL_08748	SSBG_00490	33.333	36	22	1	45	78	90	125	9.0	16.2
ONHDLDEL_08748	SSBG_00487	29.412	34	19	1	58	91	90	118	9.1	16.2
ONHDLDEL_08748	SSBG_00481	44.444	18	10	0	36	53	105	122	9.3	16.2
ONHDLDEL_08749	SSBG_00511	26.923	52	37	1	139	190	247	297	2.5	19.2
ONHDLDEL_08749	SSBG_00487	36.842	38	15	1	35	72	177	205	5.9	18.1
ONHDLDEL_08749	SSBG_00495	66.667	9	3	0	119	127	52	60	6.0	17.7
ONHDLDEL_08749	SSBG_00501	83.333	6	1	0	1	6	82	87	6.3	18.1
ONHDLDEL_08749	SSBG_00491	38.462	26	15	1	87	112	20	44	8.9	17.7
ONHDLDEL_08750	SSBG_00511	34.091	44	28	1	268	310	163	206	2.7	20.0
ONHDLDEL_08750	SSBG_00493	33.871	62	32	2	292	351	354	408	3.0	20.0
ONHDLDEL_08750	SSBG_00501	27.350	117	60	7	148	256	211	310	6.0	19.2
ONHDLDEL_08750	SSBG_00505	32.000	25	17	0	201	225	43	67	6.0	18.9
ONHDLDEL_08750	SSBG_00491	56.250	16	7	0	263	278	11	26	6.3	18.9
ONHDLDEL_08750	SSBG_00503	58.333	12	5	0	157	168	263	274	8.3	18.5
ONHDLDEL_08750	SSBG_00513	36.364	22	14	0	15	36	67	88	9.1	18.5
ONHDLDEL_08750	SSBG_00513	50.000	14	7	0	300	313	125	138	9.2	18.5
ONHDLDEL_08751	SSBG_00498	24.242	33	25	0	74	106	335	367	0.13	21.9
ONHDLDEL_08751	SSBG_00484	44.444	18	10	0	64	81	90	107	5.7	16.9
ONHDLDEL_08752	SSBG_00504	29.545	44	27	1	78	121	14	53	2.7	19.2
ONHDLDEL_08752	SSBG_00490	46.154	13	7	0	135	147	192	204	3.0	19.2
ONHDLDEL_08752	SSBG_00509	50.000	18	9	0	38	55	331	348	4.6	18.9
ONHDLDEL_08752	SSBG_00512	30.000	30	21	0	136	165	15	44	8.8	17.7
ONHDLDEL_08753	SSBG_00511	61.404	57	21	1	2	58	252	307	2.54e-15	60.5
ONHDLDEL_08753	SSBG_00500	55.556	18	4	1	38	55	290	303	0.79	19.2
ONHDLDEL_08753	SSBG_00489	33.333	21	14	0	8	28	117	137	1.8	18.1
ONHDLDEL_08754	SSBG_00511	55.066	227	86	3	1	213	32	256	1.27e-79	233
ONHDLDEL_08754	SSBG_00501	25.806	31	23	0	35	65	97	127	0.65	21.2
ONHDLDEL_08754	SSBG_00501	38.889	18	11	0	137	154	285	302	6.9	18.1
ONHDLDEL_08754	SSBG_00496	33.333	33	18	1	115	147	155	183	1.9	19.6
ONHDLDEL_08754	SSBG_00503	38.462	26	13	1	98	120	146	171	6.9	17.7
ONHDLDEL_08754	SSBG_00492	29.630	27	19	0	185	211	6	32	8.2	17.3
ONHDLDEL_08754	SSBG_00509	37.037	27	16	1	23	49	32	57	8.2	17.7
ONHDLDEL_08755	SSBG_00501	43.750	48	19	4	47	92	302	343	1.2	19.2
ONHDLDEL_08755	SSBG_00493	37.500	24	14	1	6	28	74	97	2.3	18.5
ONHDLDEL_08755	SSBG_00495	34.667	75	31	4	37	95	12	84	3.1	17.7
ONHDLDEL_08755	SSBG_00485	41.667	24	14	0	46	69	56	79	4.8	17.7
ONHDLDEL_08755	SSBG_00514	35.000	40	24	1	95	134	62	99	5.7	17.3
ONHDLDEL_08755	SSBG_00511	32.000	25	17	0	43	67	141	165	6.6	17.3
ONHDLDEL_08757	SSBG_00483	45.489	266	140	3	12	273	1	265	2.30e-62	189
ONHDLDEL_08757	SSBG_00500	47.222	36	19	0	2	37	11	46	0.054	25.0
ONHDLDEL_08757	SSBG_00481	57.895	19	8	0	250	268	153	171	0.094	23.9
ONHDLDEL_08757	SSBG_00511	25.490	51	38	0	170	220	224	274	0.52	21.9
ONHDLDEL_08757	SSBG_00493	57.143	14	6	0	52	65	275	288	3.8	19.2
ONHDLDEL_08757	SSBG_00487	34.884	43	26	2	78	118	173	215	4.3	18.9
ONHDLDEL_08757	SSBG_00488	34.043	47	27	2	87	132	8	51	4.6	18.5
ONHDLDEL_08757	SSBG_00479	31.818	22	15	0	250	271	128	149	5.8	18.5
ONHDLDEL_08757	SSBG_00499	42.105	19	11	0	239	257	67	85	6.0	18.5
ONHDLDEL_08757	SSBG_00497	61.538	13	5	0	252	264	297	309	7.3	18.1
ONHDLDEL_08757	SSBG_00507	26.667	30	22	0	183	212	89	118	8.0	17.7
ONHDLDEL_08757	SSBG_00485	37.209	43	19	3	61	103	168	202	9.8	17.7
ONHDLDEL_08758	SSBG_00497	47.059	17	9	0	29	45	389	405	4.1	16.5
ONHDLDEL_08758	SSBG_00493	37.500	32	16	1	14	45	204	231	6.3	15.8
ONHDLDEL_08758	SSBG_00483	70.000	10	3	0	19	28	30	39	9.1	15.4
ONHDLDEL_08759	SSBG_00485	36.667	30	17	1	14	43	218	245	0.59	18.1
ONHDLDEL_08759	SSBG_00497	66.667	9	3	0	38	46	15	23	1.4	16.9
ONHDLDEL_08760	SSBG_00511	42.105	19	11	0	5	23	135	153	0.35	17.7
ONHDLDEL_08760	SSBG_00486	37.500	16	10	0	3	18	144	159	1.7	16.2
ONHDLDEL_08761	SSBG_00479	28.409	88	58	2	384	468	135	220	3.96e-04	33.1
ONHDLDEL_08761	SSBG_00479	38.462	26	16	0	527	552	26	51	0.062	26.2
ONHDLDEL_08761	SSBG_00500	27.344	128	76	4	31	156	170	282	0.036	26.9
ONHDLDEL_08761	SSBG_00500	45.455	22	12	0	280	301	138	159	3.9	20.4
ONHDLDEL_08761	SSBG_00491	36.111	36	18	1	452	487	316	346	1.7	21.6
ONHDLDEL_08761	SSBG_00502	37.500	24	15	0	176	199	134	157	3.9	20.4
ONHDLDEL_08761	SSBG_00487	48.000	25	11	1	636	660	132	154	4.9	20.0
ONHDLDEL_08761	SSBG_00485	35.484	31	13	1	479	509	439	462	5.1	20.0
ONHDLDEL_08761	SSBG_00485	34.426	61	24	3	472	519	27	84	5.7	20.0
ONHDLDEL_08761	SSBG_00505	25.000	76	45	2	506	569	112	187	8.7	19.2
ONHDLDEL_08761	SSBG_00496	32.558	43	16	2	398	440	25	54	9.5	19.2
ONHDLDEL_08762	SSBG_00503	79.487	156	32	0	1	156	131	286	1.19e-90	258
ONHDLDEL_08762	SSBG_00501	26.154	65	47	1	44	108	152	215	0.11	23.1
ONHDLDEL_08762	SSBG_00488	22.222	99	74	1	13	111	15	110	0.12	22.3
ONHDLDEL_08762	SSBG_00485	27.273	88	50	3	62	139	18	101	1.6	19.6
ONHDLDEL_08762	SSBG_00513	38.462	26	16	0	89	114	348	373	3.5	18.5
ONHDLDEL_08762	SSBG_00484	46.154	13	7	0	62	74	87	99	4.6	18.1
ONHDLDEL_08762	SSBG_00509	50.000	16	6	1	87	100	30	45	8.0	17.3
ONHDLDEL_08763	SSBG_00489	50.000	16	8	0	8	23	139	154	0.16	19.2
ONHDLDEL_08763	SSBG_00497	33.333	15	10	0	18	32	412	426	5.7	15.0
ONHDLDEL_08763	SSBG_00497	25.000	32	24	0	1	32	250	281	8.2	14.6
ONHDLDEL_08763	SSBG_00479	33.333	18	12	0	16	33	242	259	7.4	14.6
ONHDLDEL_08764	SSBG_00513	28.405	257	158	4	23	259	113	363	5.33e-21	84.0
ONHDLDEL_08764	SSBG_00502	30.451	266	170	6	4	268	57	308	1.39e-20	82.0
ONHDLDEL_08764	SSBG_00502	34.375	32	18	1	4	32	315	346	6.2	18.9
ONHDLDEL_08764	SSBG_00501	29.268	41	28	1	12	51	110	150	2.5	20.0
ONHDLDEL_08764	SSBG_00478	34.483	29	19	0	43	71	251	279	2.8	19.6
ONHDLDEL_08765	SSBG_00485	50.000	12	6	0	4	15	508	519	1.6	16.9
ONHDLDEL_08765	SSBG_00503	52.941	17	7	1	28	44	244	259	2.0	16.5
ONHDLDEL_08765	SSBG_00496	45.833	24	13	0	20	43	10	33	2.0	16.5
ONHDLDEL_08765	SSBG_00513	36.842	38	19	2	12	44	26	63	2.6	16.2
ONHDLDEL_08765	SSBG_00483	42.105	19	11	0	21	39	138	156	3.6	15.8
ONHDLDEL_08765	SSBG_00490	62.500	8	3	0	41	48	244	251	4.4	15.8
ONHDLDEL_08766	SSBG_00499	46.053	152	81	1	6	156	10	161	6.86e-45	139
ONHDLDEL_08766	SSBG_00478	45.455	22	12	0	114	135	243	264	0.47	21.2
ONHDLDEL_08766	SSBG_00511	45.833	24	13	0	1	24	248	271	1.3	20.0
ONHDLDEL_08766	SSBG_00508	33.333	36	24	0	152	187	148	183	2.2	19.2
ONHDLDEL_08766	SSBG_00495	42.308	26	14	1	90	114	78	103	3.3	18.5
ONHDLDEL_08766	SSBG_00510	35.849	53	30	3	16	68	153	201	4.3	18.5
ONHDLDEL_08766	SSBG_00497	36.667	30	18	1	93	121	37	66	6.5	17.7
ONHDLDEL_08766	SSBG_00504	33.333	27	15	1	10	36	133	156	7.1	17.7
ONHDLDEL_08767	SSBG_00500	44.053	227	120	2	2	222	10	235	4.59e-47	150
ONHDLDEL_08767	SSBG_00511	28.276	145	91	6	44	179	54	194	4.66e-05	34.3
ONHDLDEL_08767	SSBG_00496	32.222	90	45	4	3	77	7	95	0.039	25.0
ONHDLDEL_08767	SSBG_00493	33.824	68	41	2	19	82	247	314	1.0	20.8
ONHDLDEL_08767	SSBG_00509	35.088	57	31	3	22	74	20	74	1.4	20.4
ONHDLDEL_08767	SSBG_00487	35.714	28	18	0	26	53	27	54	3.3	18.9
ONHDLDEL_08767	SSBG_00505	43.750	16	9	0	81	96	35	50	8.2	17.7
ONHDLDEL_08767	SSBG_00513	47.059	17	9	0	25	41	114	130	8.8	17.7
ONHDLDEL_08767	SSBG_00488	25.000	56	39	2	68	120	68	123	9.7	17.3
ONHDLDEL_08768	SSBG_00500	33.803	71	47	0	2	72	236	306	7.33e-10	44.3
ONHDLDEL_08768	SSBG_00500	44.828	29	13	2	1	28	115	141	1.1	18.5
ONHDLDEL_08768	SSBG_00511	40.000	25	15	0	47	71	278	302	0.017	23.5
ONHDLDEL_08768	SSBG_00493	60.000	15	6	0	26	40	269	283	0.75	18.9
ONHDLDEL_08768	SSBG_00493	45.000	20	11	0	5	24	272	291	4.3	16.5
ONHDLDEL_08768	SSBG_00507	44.444	18	10	0	17	34	42	59	1.2	18.1
ONHDLDEL_08768	SSBG_00509	60.000	10	4	0	12	21	234	243	4.3	16.5
ONHDLDEL_08768	SSBG_00510	37.037	27	17	0	29	55	31	57	5.7	16.2
ONHDLDEL_08768	SSBG_00483	33.333	36	17	1	15	43	225	260	5.9	16.2
ONHDLDEL_08768	SSBG_00497	33.333	18	12	0	17	34	351	368	7.4	15.8
ONHDLDEL_08768	SSBG_00498	33.333	18	12	0	44	61	366	383	7.7	15.8
ONHDLDEL_08768	SSBG_00508	66.667	9	3	0	1	9	157	165	8.7	15.8
ONHDLDEL_08768	SSBG_00488	31.250	32	20	1	1	30	108	139	9.6	15.4
ONHDLDEL_08769	SSBG_00498	30.612	49	28	1	41	83	389	437	0.022	25.0
ONHDLDEL_08769	SSBG_00498	43.750	16	6	1	126	141	87	99	1.4	19.6
ONHDLDEL_08769	SSBG_00514	37.500	24	15	0	77	100	37	60	4.1	18.1
ONHDLDEL_08769	SSBG_00503	40.000	20	12	0	110	129	152	171	7.9	17.3
ONHDLDEL_08770	SSBG_00501	28.125	32	23	0	99	130	302	333	0.78	20.0
ONHDLDEL_08770	SSBG_00514	66.667	9	3	0	73	81	244	252	1.0	19.6
ONHDLDEL_08770	SSBG_00487	55.556	9	4	0	73	81	198	206	2.8	18.1
ONHDLDEL_08770	SSBG_00499	30.435	23	16	0	70	92	31	53	6.4	16.9
ONHDLDEL_08770	SSBG_00498	37.500	24	13	1	32	53	131	154	7.1	16.9
ONHDLDEL_08770	SSBG_00508	80.000	5	1	0	75	79	74	78	9.9	16.5
ONHDLDEL_08770	SSBG_00505	100.000	5	0	0	71	75	87	91	9.9	16.5
ONHDLDEL_08771	SSBG_00494	53.333	15	7	0	24	38	62	76	1.2	18.5
ONHDLDEL_08771	SSBG_00505	25.397	63	46	1	15	76	109	171	3.1	17.3
ONHDLDEL_08771	SSBG_00493	34.615	52	28	3	33	83	338	384	4.0	16.9
ONHDLDEL_08771	SSBG_00493	37.500	24	15	0	43	66	18	41	6.9	16.2
ONHDLDEL_08771	SSBG_00508	42.857	21	9	1	41	58	203	223	8.4	15.8
ONHDLDEL_08771	SSBG_00482	40.000	15	9	0	21	35	108	122	9.6	15.8
ONHDLDEL_08772	SSBG_00505	76.786	56	13	0	1	56	34	89	4.27e-27	90.5
ONHDLDEL_08772	SSBG_00486	53.846	13	6	0	22	34	45	57	2.2	17.3
ONHDLDEL_08772	SSBG_00493	56.250	16	2	1	37	52	364	374	3.4	16.9
ONHDLDEL_08772	SSBG_00493	30.000	50	22	2	21	62	238	282	5.8	16.2
ONHDLDEL_08772	SSBG_00493	50.000	14	7	0	35	48	13	26	7.5	15.8
ONHDLDEL_08772	SSBG_00497	31.429	35	21	1	18	49	225	259	5.3	16.2
ONHDLDEL_08772	SSBG_00501	42.105	19	11	0	27	45	410	428	8.1	15.8
ONHDLDEL_08773	SSBG_00505	80.000	25	5	0	3	27	1	25	9.79e-11	44.7
ONHDLDEL_08773	SSBG_00478	71.429	7	2	0	14	20	156	162	2.8	15.4
ONHDLDEL_08773	SSBG_00485	36.364	11	7	0	24	34	78	88	4.2	15.0
ONHDLDEL_08773	SSBG_00485	46.154	13	7	0	16	28	91	103	4.8	15.0
ONHDLDEL_08773	SSBG_00494	44.444	9	5	0	15	23	40	48	6.7	14.6
ONHDLDEL_08773	SSBG_00494	54.545	11	5	0	11	21	371	381	9.1	14.2
ONHDLDEL_08773	SSBG_00487	66.667	6	2	0	16	21	236	241	7.5	14.2
ONHDLDEL_08773	SSBG_00500	54.545	11	5	0	24	34	34	44	8.8	14.2
ONHDLDEL_08773	SSBG_00490	32.000	25	17	0	7	31	109	133	9.1	14.2
ONHDLDEL_08774	SSBG_00499	31.579	38	23	1	132	169	82	116	0.99	20.0
ONHDLDEL_08775	SSBG_00490	83.333	6	1	0	23	28	308	313	2.7	15.0
ONHDLDEL_08776	SSBG_00479	37.500	56	25	4	33	86	28	75	2.6	18.9
ONHDLDEL_08776	SSBG_00478	29.032	31	22	0	43	73	78	108	7.0	17.3
ONHDLDEL_08777	SSBG_00499	65.625	32	11	0	4	35	8	39	6.93e-12	47.4
ONHDLDEL_08777	SSBG_00513	45.455	11	6	0	27	37	128	138	2.6	15.8
ONHDLDEL_08777	SSBG_00483	36.364	11	7	0	22	32	135	145	3.5	15.4
ONHDLDEL_08777	SSBG_00478	35.484	31	16	2	7	35	198	226	8.0	14.6
ONHDLDEL_08778	SSBG_00499	63.125	160	59	0	3	162	44	203	1.14e-74	214
ONHDLDEL_08778	SSBG_00483	34.091	44	27	1	95	138	173	214	0.088	23.1
ONHDLDEL_08778	SSBG_00512	30.508	59	38	2	53	109	54	111	0.14	22.7
ONHDLDEL_08778	SSBG_00502	36.842	19	12	0	109	127	89	107	1.8	19.2
ONHDLDEL_08778	SSBG_00498	50.000	12	6	0	117	128	407	418	6.1	17.7
ONHDLDEL_08779	SSBG_00500	48.936	47	24	0	2	48	10	56	7.60e-10	43.9
ONHDLDEL_08779	SSBG_00483	40.000	25	15	0	13	37	1	25	0.11	20.8
ONHDLDEL_08779	SSBG_00478	36.842	19	12	0	51	69	7	25	3.5	16.5
ONHDLDEL_08779	SSBG_00512	40.000	45	19	3	7	44	12	55	6.3	16.2
ONHDLDEL_08780	SSBG_00500	50.685	219	105	2	1	219	91	306	5.13e-65	195
ONHDLDEL_08780	SSBG_00511	33.488	215	118	13	9	215	102	299	3.62e-09	46.6
ONHDLDEL_08780	SSBG_00496	29.268	41	22	1	111	151	109	142	4.8	18.5
ONHDLDEL_08780	SSBG_00497	32.432	37	25	0	47	83	35	71	7.6	17.7
ONHDLDEL_08781	SSBG_00501	71.930	57	16	0	4	60	51	107	7.06e-26	89.0
ONHDLDEL_08781	SSBG_00501	35.000	60	37	2	1	60	264	321	4.56e-07	35.8
ONHDLDEL_08781	SSBG_00484	62.500	16	6	0	13	28	53	68	0.011	23.5
ONHDLDEL_08781	SSBG_00508	34.483	29	19	0	8	36	64	92	2.3	16.9
ONHDLDEL_08781	SSBG_00479	46.154	13	7	0	23	35	24	36	2.4	16.9
ONHDLDEL_08781	SSBG_00491	57.143	7	3	0	4	10	158	164	4.1	16.2
ONHDLDEL_08782	SSBG_00501	69.748	119	36	0	4	122	111	229	1.60e-56	174
ONHDLDEL_08782	SSBG_00501	35.043	117	71	2	5	118	326	440	2.63e-17	68.6
ONHDLDEL_08782	SSBG_00513	28.302	53	32	2	19	67	364	414	1.1	20.0
ONHDLDEL_08782	SSBG_00497	58.333	12	5	0	81	92	428	439	2.7	18.5
ONHDLDEL_08782	SSBG_00509	35.714	28	18	0	16	43	380	407	3.1	18.5
ONHDLDEL_08782	SSBG_00485	30.137	73	31	2	48	111	83	144	3.1	18.5
ONHDLDEL_08782	SSBG_00490	40.625	32	16	1	94	125	181	209	4.0	18.1
ONHDLDEL_08782	SSBG_00514	39.286	28	10	1	123	150	8	28	6.1	17.3
ONHDLDEL_08782	SSBG_00478	50.000	12	6	0	35	46	78	89	8.1	16.9
ONHDLDEL_08783	SSBG_00501	64.545	110	39	0	2	111	337	446	8.74e-49	152
ONHDLDEL_08783	SSBG_00501	35.577	104	66	1	2	105	123	225	5.38e-15	60.5
ONHDLDEL_08783	SSBG_00493	46.667	15	8	0	16	30	266	280	1.2	18.9
ONHDLDEL_08783	SSBG_00498	32.000	25	17	0	73	97	348	372	1.3	18.9
ONHDLDEL_08783	SSBG_00498	50.000	10	5	0	16	25	214	223	5.8	16.9
ONHDLDEL_08783	SSBG_00481	36.000	25	16	0	23	47	145	169	1.5	18.5
ONHDLDEL_08783	SSBG_00485	30.769	26	18	0	83	108	265	290	5.5	16.9
ONHDLDEL_08783	SSBG_00510	36.000	25	14	1	2	26	202	224	9.4	16.5
ONHDLDEL_08784	SSBG_00502	75.581	258	62	1	1	257	112	369	1.35e-135	378
ONHDLDEL_08784	SSBG_00513	25.000	300	164	6	4	256	153	438	3.28e-26	97.1
ONHDLDEL_08784	SSBG_00511	31.746	63	36	3	1	56	120	182	0.63	21.6
ONHDLDEL_08784	SSBG_00493	52.381	21	8	1	43	61	242	262	1.7	20.0
ONHDLDEL_08784	SSBG_00494	40.625	32	19	0	67	98	226	257	3.1	19.2
ONHDLDEL_08784	SSBG_00505	33.333	39	20	1	16	54	203	235	5.6	18.5
ONHDLDEL_08785	SSBG_00502	81.308	107	20	0	1	107	1	107	1.97e-60	181
ONHDLDEL_08785	SSBG_00513	39.286	84	43	1	31	106	61	144	4.64e-11	48.9
ONHDLDEL_08785	SSBG_00490	32.500	40	18	2	7	39	61	98	1.9	18.5
ONHDLDEL_08785	SSBG_00493	52.632	19	7	1	69	85	316	334	3.7	17.7
ONHDLDEL_08785	SSBG_00479	60.000	10	4	0	98	107	257	266	5.9	16.9
ONHDLDEL_08785	SSBG_00495	100.000	6	0	0	41	46	30	35	6.4	16.5
ONHDLDEL_08786	SSBG_00492	39.506	81	49	0	1	81	1	81	8.78e-20	67.8
ONHDLDEL_08786	SSBG_00485	32.500	40	22	1	6	40	318	357	0.16	20.8
ONHDLDEL_08786	SSBG_00494	50.000	16	8	0	63	78	294	309	0.93	18.9
ONHDLDEL_08786	SSBG_00514	45.000	20	10	1	12	31	92	110	1.2	18.5
ONHDLDEL_08786	SSBG_00479	43.750	16	9	0	49	64	21	36	5.3	16.5
ONHDLDEL_08786	SSBG_00491	31.481	54	24	2	30	82	79	120	5.8	16.5
ONHDLDEL_08786	SSBG_00498	26.923	26	19	0	36	61	350	375	5.8	16.5
ONHDLDEL_08787	SSBG_00491	26.882	93	67	1	230	321	247	339	0.004	28.9
ONHDLDEL_08787	SSBG_00511	50.000	24	10	1	266	289	27	48	1.1	21.2
ONHDLDEL_08787	SSBG_00494	34.694	49	24	1	210	258	280	320	1.8	20.4
ONHDLDEL_08787	SSBG_00493	45.455	33	17	1	48	80	271	302	1.8	20.4
ONHDLDEL_08787	SSBG_00493	80.000	10	2	0	154	163	297	306	3.4	19.6
ONHDLDEL_08787	SSBG_00512	40.000	25	12	1	133	154	262	286	2.0	20.4
ONHDLDEL_08787	SSBG_00510	34.043	47	28	1	168	211	177	223	4.1	19.2
ONHDLDEL_08787	SSBG_00490	53.333	15	7	0	122	136	350	364	4.9	18.9
ONHDLDEL_08787	SSBG_00496	35.556	45	24	1	68	112	172	211	5.7	18.9
ONHDLDEL_08788	SSBG_00510	54.167	24	11	0	35	58	103	126	0.029	23.9
ONHDLDEL_08788	SSBG_00514	32.692	52	35	0	50	101	13	64	0.32	20.8
ONHDLDEL_08788	SSBG_00496	50.000	28	13	1	27	53	68	95	0.39	20.4
ONHDLDEL_08788	SSBG_00496	32.143	28	19	0	10	37	145	172	7.0	16.5
ONHDLDEL_08788	SSBG_00512	40.000	15	9	0	81	95	80	94	2.6	18.1
ONHDLDEL_08788	SSBG_00501	40.000	15	9	0	97	111	38	52	3.1	17.7
ONHDLDEL_08788	SSBG_00501	64.286	14	3	1	10	23	139	150	5.6	16.9
ONHDLDEL_08788	SSBG_00505	44.444	18	10	0	34	51	12	29	3.6	17.7
ONHDLDEL_08788	SSBG_00498	25.974	77	46	2	8	73	330	406	3.8	17.7
ONHDLDEL_08788	SSBG_00489	54.545	11	5	0	92	102	219	229	5.3	16.9
ONHDLDEL_08788	SSBG_00478	43.750	16	9	0	35	50	229	244	7.4	16.5
ONHDLDEL_08789	SSBG_00487	72.043	93	26	0	1	93	32	124	1.43e-45	139
ONHDLDEL_08789	SSBG_00514	46.429	84	45	0	1	84	78	161	8.14e-22	78.6
ONHDLDEL_08789	SSBG_00507	50.000	16	8	0	54	69	119	134	1.6	18.1
ONHDLDEL_08789	SSBG_00479	44.444	27	14	1	67	93	57	82	2.1	18.1
ONHDLDEL_08789	SSBG_00498	45.455	22	4	2	5	25	238	252	3.8	17.3
ONHDLDEL_08789	SSBG_00496	28.125	32	23	0	16	47	47	78	3.9	17.3
ONHDLDEL_08790	SSBG_00487	76.860	121	27	1	1	120	134	254	1.93e-59	180
ONHDLDEL_08790	SSBG_00514	53.030	132	55	2	3	127	182	313	1.07e-32	111
ONHDLDEL_08790	SSBG_00507	32.353	34	23	0	108	141	76	109	0.63	20.8
ONHDLDEL_08790	SSBG_00505	50.000	16	8	0	122	137	177	192	2.4	19.2
ONHDLDEL_08790	SSBG_00489	46.667	15	8	0	3	17	262	276	3.1	18.9
ONHDLDEL_08790	SSBG_00484	26.415	53	25	2	110	154	11	57	5.5	18.1
ONHDLDEL_08790	SSBG_00486	45.000	20	11	0	8	27	15	34	6.4	17.7
ONHDLDEL_08791	SSBG_00509	39.175	97	59	0	30	126	275	371	4.93e-18	70.9
ONHDLDEL_08791	SSBG_00493	36.364	44	24	1	71	114	359	398	0.57	20.8
ONHDLDEL_08791	SSBG_00491	40.741	27	16	0	88	114	305	331	0.83	20.0
ONHDLDEL_08791	SSBG_00478	30.189	53	35	1	2	52	93	145	3.4	18.1
ONHDLDEL_08791	SSBG_00513	29.412	34	23	1	95	128	1	33	5.6	17.7
ONHDLDEL_08791	SSBG_00498	36.667	30	14	2	94	120	350	377	7.3	17.3
ONHDLDEL_08792	SSBG_00509	61.905	21	7	1	11	31	389	408	0.098	20.4
ONHDLDEL_08792	SSBG_00482	37.500	16	10	0	15	30	85	100	2.4	16.5
ONHDLDEL_08792	SSBG_00483	56.250	16	7	0	6	21	187	202	3.0	16.2
ONHDLDEL_08792	SSBG_00479	45.455	11	6	0	12	22	84	94	3.2	16.2
ONHDLDEL_08792	SSBG_00494	50.000	12	6	0	24	35	329	340	3.8	15.8
ONHDLDEL_08792	SSBG_00505	28.571	42	30	0	10	51	64	105	4.6	15.8
ONHDLDEL_08792	SSBG_00490	54.545	11	5	0	34	44	223	233	5.5	15.4
ONHDLDEL_08793	SSBG_00498	45.890	438	216	7	1	427	1	428	2.67e-114	333
ONHDLDEL_08793	SSBG_00510	45.057	435	224	4	3	430	1	427	8.38e-107	314
ONHDLDEL_08793	SSBG_00505	31.579	114	58	5	261	373	42	136	0.45	22.7
ONHDLDEL_08793	SSBG_00505	28.814	59	25	2	18	70	95	142	9.8	18.5
ONHDLDEL_08793	SSBG_00482	27.083	48	31	2	122	168	20	64	0.92	21.6
ONHDLDEL_08793	SSBG_00483	50.000	16	8	0	174	189	88	103	4.1	19.6
ONHDLDEL_08793	SSBG_00503	77.778	9	2	0	248	256	157	165	7.2	18.9
ONHDLDEL_08793	SSBG_00494	72.727	11	3	0	327	337	14	24	7.6	18.9
ONHDLDEL_08794	SSBG_00498	60.333	300	118	1	1	300	1	299	4.29e-124	357
ONHDLDEL_08794	SSBG_00510	47.541	305	142	8	3	299	1	295	5.06e-67	210
ONHDLDEL_08794	SSBG_00482	57.143	14	6	0	123	136	19	32	0.71	21.6
ONHDLDEL_08794	SSBG_00508	39.394	33	20	0	125	157	236	268	1.2	21.2
ONHDLDEL_08794	SSBG_00512	72.727	11	3	0	224	234	69	79	5.3	19.2
ONHDLDEL_08794	SSBG_00495	42.308	26	12	1	338	363	69	91	5.6	18.9
ONHDLDEL_08794	SSBG_00497	55.556	9	4	0	212	220	95	103	8.4	18.5
ONHDLDEL_08794	SSBG_00511	42.105	19	11	0	44	62	222	240	8.8	18.5
ONHDLDEL_08795	SSBG_00498	64.384	365	128	2	2	366	1	363	2.06e-173	482
ONHDLDEL_08795	SSBG_00510	45.699	372	181	8	4	366	1	360	3.78e-83	252
ONHDLDEL_08795	SSBG_00478	33.333	63	34	3	247	305	224	282	2.4	20.4
ONHDLDEL_08795	SSBG_00482	50.000	14	7	0	124	137	19	32	2.8	19.6
ONHDLDEL_08795	SSBG_00494	42.553	47	20	2	253	292	48	94	3.8	19.6
ONHDLDEL_08795	SSBG_00496	25.000	40	30	0	225	264	220	259	4.2	19.6
ONHDLDEL_08795	SSBG_00511	32.787	61	27	3	274	331	28	77	5.6	19.2
ONHDLDEL_08795	SSBG_00502	30.233	43	30	0	288	330	112	154	6.3	18.9
ONHDLDEL_08795	SSBG_00509	46.667	15	8	0	252	266	197	211	6.8	18.9
ONHDLDEL_08795	SSBG_00486	34.483	29	19	0	153	181	38	66	7.2	18.5
ONHDLDEL_08795	SSBG_00512	23.636	55	42	0	10	64	117	171	9.9	18.5
ONHDLDEL_08796	SSBG_00498	69.048	84	25	1	1	84	1	83	7.15e-33	109
ONHDLDEL_08796	SSBG_00498	35.185	54	25	2	36	79	132	185	3.1	17.7
ONHDLDEL_08796	SSBG_00510	61.538	52	20	0	3	54	1	52	5.43e-17	65.9
ONHDLDEL_08796	SSBG_00512	25.301	83	50	2	10	92	94	164	1.1	19.2
ONHDLDEL_08796	SSBG_00493	50.000	16	8	0	54	69	238	253	1.5	18.5
ONHDLDEL_08796	SSBG_00487	71.429	7	2	0	22	28	209	215	4.5	17.3
ONHDLDEL_08796	SSBG_00502	35.294	34	18	1	23	56	47	76	4.9	16.9
ONHDLDEL_08796	SSBG_00505	50.000	12	6	0	78	89	141	152	6.1	16.9
ONHDLDEL_08796	SSBG_00511	35.714	14	9	0	55	68	291	304	6.8	16.5
ONHDLDEL_08796	SSBG_00497	42.105	19	11	0	74	92	361	379	8.4	16.5
ONHDLDEL_08796	SSBG_00486	32.353	34	21	1	73	106	3	34	9.4	16.2
ONHDLDEL_08797	SSBG_00504	50.000	12	6	0	2	13	166	177	0.31	18.5
ONHDLDEL_08797	SSBG_00479	55.556	9	4	0	5	13	130	138	9.6	14.6
ONHDLDEL_08798	SSBG_00504	62.069	232	88	0	1	232	1	232	2.36e-103	295
ONHDLDEL_08798	SSBG_00484	45.455	242	127	2	1	237	1	242	6.49e-66	200
ONHDLDEL_08798	SSBG_00489	41.667	36	18	1	40	72	46	81	0.31	22.7
ONHDLDEL_08798	SSBG_00501	44.737	38	12	2	53	90	22	50	0.63	21.9
ONHDLDEL_08798	SSBG_00513	29.268	41	29	0	34	74	49	89	2.3	20.0
ONHDLDEL_08798	SSBG_00508	35.714	28	18	0	110	137	176	203	5.2	18.9
ONHDLDEL_08798	SSBG_00490	58.333	12	5	0	74	85	221	232	7.4	18.5
ONHDLDEL_08798	SSBG_00483	46.667	15	8	0	210	224	105	119	9.2	18.1
ONHDLDEL_08799	SSBG_00507	58.678	121	50	0	1	121	24	144	6.78e-38	117
ONHDLDEL_08799	SSBG_00497	40.171	117	68	1	2	118	334	448	2.64e-21	78.6
ONHDLDEL_08799	SSBG_00487	27.536	69	42	3	30	90	56	124	0.75	19.6
ONHDLDEL_08799	SSBG_00512	44.444	18	10	0	23	40	159	176	1.8	18.5
ONHDLDEL_08800	SSBG_00493	58.333	24	9	1	105	128	272	294	0.11	22.7
ONHDLDEL_08800	SSBG_00503	85.714	7	1	0	93	99	131	137	1.0	19.6
ONHDLDEL_08800	SSBG_00481	60.000	10	4	0	87	96	1	10	3.4	18.1
ONHDLDEL_08801	SSBG_00508	60.000	100	40	0	2	101	177	276	3.14e-39	123
ONHDLDEL_08801	SSBG_00496	33.981	103	61	3	2	98	157	258	6.56e-12	50.8
ONHDLDEL_08801	SSBG_00500	37.143	35	18	1	69	99	128	162	0.093	21.9
ONHDLDEL_08801	SSBG_00511	53.333	15	7	0	2	16	146	160	1.2	18.9
ONHDLDEL_08801	SSBG_00488	50.000	12	6	0	66	77	17	28	1.3	18.5
ONHDLDEL_08801	SSBG_00485	40.909	22	11	1	39	60	80	99	2.2	18.1
ONHDLDEL_08801	SSBG_00512	41.379	29	14	1	42	67	120	148	2.3	18.1
ONHDLDEL_08801	SSBG_00483	77.778	9	2	0	15	23	256	264	2.8	17.7
ONHDLDEL_08801	SSBG_00498	24.390	41	28	1	2	39	8	48	3.6	17.3
ONHDLDEL_08801	SSBG_00514	29.730	37	21	1	1	32	249	285	5.1	16.9
ONHDLDEL_08801	SSBG_00501	38.235	34	17	2	49	82	277	306	5.5	16.9
ONHDLDEL_08801	SSBG_00513	40.909	22	12	1	66	87	172	192	7.1	16.5
ONHDLDEL_08801	SSBG_00510	40.000	15	9	0	15	29	19	33	7.5	16.5
ONHDLDEL_08801	SSBG_00494	75.000	8	2	0	40	47	59	66	9.1	16.2
ONHDLDEL_08802	SSBG_00497	59.825	229	91	1	2	229	9	237	1.38e-79	238
ONHDLDEL_08802	SSBG_00497	23.214	112	76	1	71	172	229	340	0.026	25.8
ONHDLDEL_08802	SSBG_00497	26.471	68	49	1	149	216	6	72	0.094	24.3
ONHDLDEL_08802	SSBG_00503	36.957	46	23	2	39	79	211	255	0.67	21.2
ONHDLDEL_08802	SSBG_00499	27.660	94	60	3	88	173	101	194	1.7	20.0
ONHDLDEL_08802	SSBG_00493	28.000	50	24	1	27	64	359	408	2.2	19.6
ONHDLDEL_08802	SSBG_00500	26.531	49	20	1	44	92	248	280	2.4	19.6
ONHDLDEL_08802	SSBG_00500	30.000	70	45	2	126	192	242	310	6.3	18.5
ONHDLDEL_08802	SSBG_00498	29.268	41	29	0	3	43	29	69	2.6	19.6
ONHDLDEL_08802	SSBG_00510	28.571	35	25	0	28	62	267	301	4.3	18.9
ONHDLDEL_08802	SSBG_00501	37.931	29	8	1	195	213	213	241	7.2	18.1
ONHDLDEL_08803	SSBG_00496	77.273	198	45	0	1	198	64	261	1.02e-114	319
ONHDLDEL_08803	SSBG_00508	31.500	200	122	4	1	195	84	273	4.12e-20	76.6
ONHDLDEL_08803	SSBG_00514	23.077	65	30	2	3	62	71	120	1.3	20.0
ONHDLDEL_08803	SSBG_00500	37.037	27	17	0	168	194	215	241	1.3	20.0
ONHDLDEL_08803	SSBG_00500	40.000	25	15	0	91	115	4	28	4.0	18.5
ONHDLDEL_08803	SSBG_00500	71.429	7	2	0	187	193	171	177	6.0	18.1
ONHDLDEL_08803	SSBG_00479	40.000	30	18	0	62	91	9	38	4.0	18.5
ONHDLDEL_08803	SSBG_00479	53.333	15	6	1	106	120	281	294	9.9	17.3
ONHDLDEL_08803	SSBG_00498	18.644	59	46	1	91	147	84	142	5.1	18.1
ONHDLDEL_08803	SSBG_00486	24.691	81	46	2	5	85	22	87	7.9	17.3
ONHDLDEL_08804	SSBG_00495	61.290	93	36	0	39	131	12	104	5.46e-39	119
ONHDLDEL_08804	SSBG_00509	30.000	60	39	2	53	112	11	67	5.2	17.7
ONHDLDEL_08804	SSBG_00509	53.846	13	6	0	80	92	95	107	6.4	17.3
ONHDLDEL_08805	SSBG_00494	61.789	369	136	3	3	368	5	371	2.53e-156	439
ONHDLDEL_08805	SSBG_00493	32.576	264	164	5	8	268	13	265	1.28e-26	101
ONHDLDEL_08805	SSBG_00497	66.667	9	3	0	286	294	375	383	3.6	19.6
ONHDLDEL_08805	SSBG_00498	23.214	168	91	8	40	185	24	175	5.8	19.2
ONHDLDEL_08805	SSBG_00504	30.556	36	25	0	15	50	81	116	7.9	18.5
ONHDLDEL_08805	SSBG_00496	32.558	43	28	1	171	213	53	94	9.0	18.5
ONHDLDEL_08806	SSBG_00494	80.769	26	5	0	1	26	391	416	3.58e-10	42.7
ONHDLDEL_08806	SSBG_00494	25.000	24	18	0	6	29	46	69	1.4	16.2
ONHDLDEL_08806	SSBG_00493	61.905	21	8	0	10	30	390	410	9.64e-05	27.7
ONHDLDEL_08806	SSBG_00513	46.667	15	8	0	3	17	110	124	1.6	16.2
ONHDLDEL_08806	SSBG_00491	50.000	16	6	1	8	21	294	309	4.2	15.0
ONHDLDEL_08806	SSBG_00491	57.143	7	3	0	11	17	326	332	7.6	14.2
ONHDLDEL_08806	SSBG_00508	71.429	7	2	0	9	15	156	162	7.4	14.2
ONHDLDEL_08806	SSBG_00489	50.000	14	7	0	6	19	44	57	9.4	14.2
ONHDLDEL_08807	SSBG_00493	76.087	46	11	0	1	46	138	183	4.60e-24	82.8
ONHDLDEL_08807	SSBG_00494	36.667	30	19	0	21	50	161	190	0.009	23.1
ONHDLDEL_08807	SSBG_00487	50.000	12	6	0	30	41	126	137	3.6	16.2
ONHDLDEL_08807	SSBG_00513	22.581	31	19	1	13	43	183	208	5.8	15.4
ONHDLDEL_08807	SSBG_00510	66.667	9	3	0	36	44	351	359	5.9	15.4
ONHDLDEL_08807	SSBG_00502	83.333	6	1	0	42	47	241	246	6.2	15.4
ONHDLDEL_08807	SSBG_00479	33.333	27	16	1	24	50	54	78	7.5	15.0
ONHDLDEL_08808	SSBG_00493	48.214	112	44	2	1	98	301	412	1.21e-20	76.6
ONHDLDEL_08808	SSBG_00494	27.273	66	46	1	2	65	310	375	0.013	25.0
ONHDLDEL_08808	SSBG_00489	53.333	15	7	0	75	89	43	57	2.0	18.5
ONHDLDEL_08808	SSBG_00489	35.294	17	11	0	102	118	179	195	2.2	18.5
ONHDLDEL_08808	SSBG_00482	30.952	42	26	2	24	62	92	133	2.2	18.1
ONHDLDEL_08808	SSBG_00510	29.545	44	30	1	2	45	172	214	3.4	17.7
ONHDLDEL_08808	SSBG_00508	42.105	38	20	1	7	44	86	121	3.8	17.7
ONHDLDEL_08808	SSBG_00509	29.730	37	16	1	3	29	7	43	5.3	17.3
ONHDLDEL_08808	SSBG_00498	36.364	22	10	1	52	73	173	190	5.4	17.3
ONHDLDEL_08809	SSBG_00492	48.936	47	24	0	9	55	9	55	1.53e-13	50.8
ONHDLDEL_08809	SSBG_00487	37.500	24	15	0	8	31	107	130	0.86	17.7
ONHDLDEL_08809	SSBG_00495	77.778	9	2	0	17	25	9	17	1.3	17.3
ONHDLDEL_08809	SSBG_00497	54.545	11	5	0	19	29	153	163	5.1	15.8
ONHDLDEL_08809	SSBG_00497	71.429	7	2	0	38	44	405	411	8.2	15.4
ONHDLDEL_08810	SSBG_00490	58.385	161	66	1	13	172	155	315	2.26e-51	160
ONHDLDEL_08810	SSBG_00490	41.935	31	18	0	68	98	330	360	7.8	17.7
ONHDLDEL_08810	SSBG_00499	36.364	22	14	0	19	40	138	159	1.5	19.6
ONHDLDEL_08810	SSBG_00488	30.303	33	22	1	87	119	80	111	4.8	18.1
ONHDLDEL_08810	SSBG_00514	32.653	49	22	2	76	124	231	268	6.0	17.7
ONHDLDEL_08810	SSBG_00498	50.000	18	8	1	81	97	224	241	8.6	17.3
ONHDLDEL_08811	SSBG_00491	32.500	40	24	1	9	48	2	38	6.4	16.2
ONHDLDEL_08812	SSBG_00490	50.000	14	7	0	28	41	59	72	5.9	16.9
ONHDLDEL_08812	SSBG_00512	66.667	9	3	0	68	76	256	264	8.2	16.5
ONHDLDEL_08812	SSBG_00494	33.333	48	31	1	30	77	56	102	9.1	16.2
ONHDLDEL_08812	SSBG_00485	30.435	23	16	0	4	26	463	485	10.0	16.2
ONHDLDEL_08813	SSBG_00488	68.254	63	20	0	1	63	82	144	2.62e-30	95.1
ONHDLDEL_08813	SSBG_00482	27.273	33	24	0	8	40	85	117	0.050	21.6
ONHDLDEL_08813	SSBG_00501	32.143	28	17	1	17	44	386	411	7.3	15.8
ONHDLDEL_08813	SSBG_00479	43.750	16	9	0	3	18	298	313	9.0	15.4
ONHDLDEL_08814	SSBG_00494	53.333	15	7	0	109	123	400	414	1.1	20.0
ONHDLDEL_08814	SSBG_00489	25.926	54	19	1	94	147	14	46	3.4	18.5
ONHDLDEL_08814	SSBG_00510	43.478	23	13	0	139	161	174	196	3.6	18.5
ONHDLDEL_08815	SSBG_00502	37.143	35	22	0	18	52	7	41	0.10	21.6
ONHDLDEL_08815	SSBG_00487	32.353	34	21	1	7	38	150	183	1.5	18.1
ONHDLDEL_08815	SSBG_00504	52.941	17	7	1	6	22	130	145	2.7	17.3
ONHDLDEL_08815	SSBG_00482	25.581	43	29	1	4	43	89	131	3.9	16.9
ONHDLDEL_08815	SSBG_00512	50.000	12	6	0	46	57	84	95	8.0	16.2
ONHDLDEL_08816	SSBG_00497	29.167	96	57	4	254	347	315	401	1.5	21.2
ONHDLDEL_08816	SSBG_00501	33.333	42	22	3	183	222	85	122	3.2	20.4
ONHDLDEL_08816	SSBG_00513	38.889	18	11	0	133	150	178	195	4.8	19.6
ONHDLDEL_08816	SSBG_00503	54.545	11	5	0	225	235	112	122	6.7	19.2
ONHDLDEL_08816	SSBG_00484	32.000	25	17	0	306	330	156	180	6.8	19.2
ONHDLDEL_08817	SSBG_00509	48.366	153	65	2	10	148	226	378	1.34e-37	126
ONHDLDEL_08817	SSBG_00489	63.636	11	4	0	64	74	172	182	4.8	18.5
ONHDLDEL_08817	SSBG_00490	41.379	29	16	1	174	201	195	223	7.1	17.7
ONHDLDEL_08817	SSBG_00490	32.143	28	19	0	69	96	333	360	9.9	17.3
ONHDLDEL_08817	SSBG_00496	63.636	11	4	0	10	20	42	52	7.8	17.7
ONHDLDEL_08818	SSBG_00510	56.456	333	140	1	3	330	1	333	7.53e-121	348
ONHDLDEL_08818	SSBG_00498	44.838	339	176	4	1	331	1	336	6.89e-96	284
ONHDLDEL_08818	SSBG_00482	26.667	120	75	5	115	224	19	135	0.095	24.3
ONHDLDEL_08818	SSBG_00497	30.435	46	22	3	178	213	60	105	1.4	21.2
ONHDLDEL_08818	SSBG_00489	26.531	49	36	0	307	355	22	70	1.8	20.4
ONHDLDEL_08818	SSBG_00479	36.842	38	21	2	55	92	274	308	5.4	19.2
ONHDLDEL_08818	SSBG_00483	36.364	44	22	1	210	253	217	254	5.8	18.9
ONHDLDEL_08818	SSBG_00508	40.909	22	12	1	199	220	185	205	6.6	18.9
ONHDLDEL_08818	SSBG_00513	36.000	25	14	1	48	72	273	295	8.8	18.5
ONHDLDEL_08819	SSBG_00482	33.333	39	25	1	1	39	90	127	0.11	20.8
ONHDLDEL_08819	SSBG_00479	42.857	21	12	0	22	42	224	244	0.28	19.6
ONHDLDEL_08819	SSBG_00494	46.667	15	8	0	41	55	31	45	1.2	17.7
ONHDLDEL_08819	SSBG_00508	50.000	12	6	0	10	21	77	88	1.2	17.7
ONHDLDEL_08819	SSBG_00499	33.333	39	23	2	17	53	107	144	1.3	17.7
ONHDLDEL_08819	SSBG_00505	45.000	20	9	1	23	42	37	54	1.4	17.7
ONHDLDEL_08819	SSBG_00491	40.909	22	9	1	38	59	150	167	1.6	17.7
ONHDLDEL_08819	SSBG_00509	58.824	17	6	1	5	21	348	363	3.5	16.5
ONHDLDEL_08819	SSBG_00503	47.059	17	4	1	19	35	139	150	7.1	15.8
ONHDLDEL_08819	SSBG_00513	40.000	20	12	0	42	61	333	352	8.7	15.4
ONHDLDEL_08819	SSBG_00489	54.545	11	5	0	53	63	196	206	9.7	15.4
ONHDLDEL_08820	SSBG_00479	28.814	59	34	1	23	73	254	312	0.31	20.4
ONHDLDEL_08820	SSBG_00489	35.714	42	25	1	14	55	112	151	0.55	19.6
ONHDLDEL_08820	SSBG_00502	47.826	23	11	1	66	87	185	207	0.83	19.2
ONHDLDEL_08820	SSBG_00498	50.000	16	8	0	42	57	216	231	2.2	17.7
ONHDLDEL_08820	SSBG_00487	53.846	13	6	0	54	66	86	98	2.6	17.7
ONHDLDEL_08820	SSBG_00494	60.000	10	4	0	81	90	331	340	3.0	17.3
ONHDLDEL_08820	SSBG_00494	70.000	10	3	0	6	15	298	307	7.6	16.2
ONHDLDEL_08820	SSBG_00491	66.667	12	4	0	77	88	10	21	3.9	16.9
ONHDLDEL_08820	SSBG_00514	47.059	17	9	0	74	90	134	150	5.6	16.5
ONHDLDEL_08820	SSBG_00484	38.462	26	13	1	38	63	206	228	8.5	16.2
ONHDLDEL_08820	SSBG_00512	57.143	7	3	0	56	62	85	91	9.3	16.2
ONHDLDEL_08821	SSBG_00491	31.169	77	47	3	148	222	8	80	0.39	22.7
ONHDLDEL_08821	SSBG_00491	31.579	57	33	3	117	172	56	107	5.8	18.9
ONHDLDEL_08821	SSBG_00501	48.148	27	13	1	93	118	378	404	3.0	19.6
ONHDLDEL_08821	SSBG_00502	30.097	103	53	5	78	161	183	285	3.4	19.6
ONHDLDEL_08821	SSBG_00500	32.653	49	32	1	203	251	248	295	7.2	18.5
ONHDLDEL_08821	SSBG_00509	50.000	18	9	0	207	224	121	138	8.6	18.5
ONHDLDEL_08822	SSBG_00484	53.896	154	67	3	1	153	90	240	7.97e-51	154
ONHDLDEL_08822	SSBG_00504	46.259	147	78	1	1	147	90	235	6.94e-48	147
ONHDLDEL_08822	SSBG_00513	50.000	14	7	0	40	53	335	348	1.5	19.6
ONHDLDEL_08822	SSBG_00501	30.769	52	26	1	114	155	359	410	4.9	17.7
ONHDLDEL_08822	SSBG_00501	23.404	47	36	0	66	112	213	259	9.8	16.9
ONHDLDEL_08822	SSBG_00502	85.714	7	1	0	58	64	247	253	9.8	16.9
ONHDLDEL_08822	SSBG_00491	77.778	9	2	0	39	47	310	318	9.9	16.9
ONHDLDEL_08823	SSBG_00483	52.381	42	20	0	1	42	224	265	3.34e-12	48.9
ONHDLDEL_08823	SSBG_00510	45.000	20	11	0	7	26	402	421	0.21	18.9
ONHDLDEL_08823	SSBG_00510	44.444	9	5	0	26	34	179	187	9.8	14.6
ONHDLDEL_08823	SSBG_00490	60.000	10	4	0	4	13	285	294	0.76	17.3
ONHDLDEL_08823	SSBG_00514	29.412	17	12	0	11	27	228	244	2.4	16.2
ONHDLDEL_08823	SSBG_00494	71.429	7	2	0	33	39	129	135	2.6	16.2
ONHDLDEL_08823	SSBG_00500	45.000	20	10	1	13	32	128	146	3.2	15.8
ONHDLDEL_08823	SSBG_00489	28.571	28	18	1	16	43	214	239	3.8	15.4
ONHDLDEL_08823	SSBG_00489	24.138	29	22	0	3	31	32	60	4.6	15.4
ONHDLDEL_08823	SSBG_00479	42.105	19	8	1	23	41	310	325	7.1	15.0
ONHDLDEL_08823	SSBG_00479	40.000	10	6	0	11	20	262	271	8.5	14.6
ONHDLDEL_08824	SSBG_00483	56.109	221	94	2	12	231	1	219	9.17e-73	214
ONHDLDEL_08824	SSBG_00500	44.737	38	19	1	3	38	12	49	0.076	24.3
ONHDLDEL_08824	SSBG_00511	34.783	46	21	1	4	40	1	46	0.38	21.9
ONHDLDEL_08824	SSBG_00494	28.571	70	47	2	41	110	117	183	0.86	20.8
ONHDLDEL_08824	SSBG_00509	47.368	19	9	1	215	233	311	328	3.5	18.9
ONHDLDEL_08824	SSBG_00509	27.451	51	35	1	111	161	369	417	8.0	17.7
ONHDLDEL_08824	SSBG_00479	39.286	28	11	2	110	131	274	301	6.0	18.1
ONHDLDEL_08824	SSBG_00502	100.000	6	0	0	77	82	136	141	7.7	18.1
ONHDLDEL_08824	SSBG_00514	33.333	18	12	0	112	129	250	267	8.8	17.7
ONHDLDEL_08825	SSBG_00496	38.889	18	11	0	148	165	73	90	0.52	21.9
ONHDLDEL_08825	SSBG_00508	45.000	20	11	0	137	156	217	236	4.9	18.9
ONHDLDEL_08825	SSBG_00482	29.032	31	20	1	70	98	26	56	7.2	18.1
ONHDLDEL_08825	SSBG_00493	36.842	19	12	0	82	100	384	402	8.3	18.1
ONHDLDEL_08825	SSBG_00514	70.000	10	3	0	261	270	13	22	8.6	18.1
ONHDLDEL_08825	SSBG_00504	58.333	12	5	0	159	170	43	54	9.6	17.7
ONHDLDEL_08825	SSBG_00504	42.857	14	8	0	208	221	35	48	9.9	17.7
ONHDLDEL_08826	SSBG_00493	29.688	64	31	3	21	74	250	309	1.4	18.9
ONHDLDEL_08826	SSBG_00493	52.174	23	10	1	44	66	361	382	5.3	16.9
ONHDLDEL_08826	SSBG_00497	37.931	29	18	0	42	70	187	215	2.3	18.1
ONHDLDEL_08826	SSBG_00512	31.034	29	20	0	45	73	226	254	6.4	16.9
ONHDLDEL_08827	SSBG_00483	46.269	201	93	2	8	198	1	196	2.95e-43	137
ONHDLDEL_08827	SSBG_00500	52.778	36	15	1	1	34	14	49	0.001	29.3
ONHDLDEL_08827	SSBG_00496	35.897	39	21	2	80	115	20	57	0.75	20.8
ONHDLDEL_08827	SSBG_00496	34.000	50	24	3	71	115	130	175	4.5	18.5
ONHDLDEL_08827	SSBG_00486	50.000	18	9	0	87	104	75	92	1.3	19.6
ONHDLDEL_08827	SSBG_00513	38.710	31	12	2	171	196	288	316	2.2	19.2
ONHDLDEL_08827	SSBG_00494	40.000	20	12	0	82	101	121	140	2.7	19.2
ONHDLDEL_08827	SSBG_00511	44.444	18	10	0	1	18	2	19	5.2	18.1
ONHDLDEL_08827	SSBG_00485	45.455	11	6	0	94	104	477	487	5.7	18.1
ONHDLDEL_08828	SSBG_00483	38.776	49	30	0	6	54	217	265	9.20e-08	37.4
ONHDLDEL_08828	SSBG_00481	35.294	34	21	1	22	55	145	177	0.049	21.2
ONHDLDEL_08828	SSBG_00498	42.105	19	10	1	2	19	87	105	0.20	19.6
ONHDLDEL_08828	SSBG_00479	31.818	22	15	0	31	52	128	149	0.34	18.9
ONHDLDEL_08828	SSBG_00490	40.909	22	13	0	29	50	272	293	0.76	18.1
ONHDLDEL_08828	SSBG_00508	38.095	21	13	0	30	50	54	74	4.0	16.2
ONHDLDEL_08828	SSBG_00487	60.000	10	3	1	21	30	51	59	6.6	15.4
ONHDLDEL_08828	SSBG_00489	28.571	21	15	0	27	47	213	233	8.0	15.0
ONHDLDEL_08829	SSBG_00479	57.661	248	102	1	1	245	79	326	2.99e-89	259
ONHDLDEL_08829	SSBG_00504	60.000	15	6	0	53	67	221	235	1.3	20.4
ONHDLDEL_08829	SSBG_00485	72.727	11	3	0	37	47	452	462	2.6	19.6
ONHDLDEL_08829	SSBG_00495	63.636	11	4	0	44	54	43	53	3.9	18.5
ONHDLDEL_08829	SSBG_00503	37.778	45	25	2	126	168	118	161	5.9	18.5
ONHDLDEL_08829	SSBG_00486	21.429	28	22	0	157	184	114	141	6.9	18.1
ONHDLDEL_08829	SSBG_00494	58.333	12	5	0	164	175	229	240	9.5	17.7
ONHDLDEL_08830	SSBG_00478	57.343	286	115	4	5	287	2	283	5.91e-102	291
ONHDLDEL_08830	SSBG_00488	38.095	21	13	0	180	200	47	67	2.1	19.6
ONHDLDEL_08830	SSBG_00500	36.364	22	14	0	12	33	126	147	2.2	20.0
ONHDLDEL_08830	SSBG_00497	63.636	11	4	0	101	111	236	246	5.9	18.5
ONHDLDEL_08831	SSBG_00485	69.355	62	19	0	1	62	455	516	5.12e-28	95.1
ONHDLDEL_08831	SSBG_00514	23.256	43	32	1	16	57	230	272	0.45	18.9
ONHDLDEL_08831	SSBG_00514	71.429	7	2	0	40	46	287	293	5.9	15.8
ONHDLDEL_08831	SSBG_00482	50.000	10	5	0	48	57	17	26	2.5	16.9
ONHDLDEL_08831	SSBG_00497	37.500	16	10	0	49	64	255	270	9.0	15.4
ONHDLDEL_08832	SSBG_00485	43.689	103	57	1	28	129	285	387	1.92e-20	77.0
ONHDLDEL_08832	SSBG_00487	27.692	65	41	1	16	80	185	243	0.72	20.0
ONHDLDEL_08832	SSBG_00482	23.913	46	34	1	39	83	54	99	0.77	19.6
ONHDLDEL_08832	SSBG_00495	37.500	24	15	0	86	109	90	113	1.2	19.2
ONHDLDEL_08832	SSBG_00479	58.333	12	5	0	46	57	163	174	5.8	17.3
ONHDLDEL_08832	SSBG_00503	46.667	15	8	0	15	29	263	277	6.8	16.9
ONHDLDEL_08833	SSBG_00485	62.308	130	49	0	1	130	57	186	2.70e-40	132
ONHDLDEL_08833	SSBG_00501	36.735	49	18	2	43	78	160	208	0.51	20.8
ONHDLDEL_08833	SSBG_00501	53.333	15	4	1	34	45	400	414	5.4	17.3
ONHDLDEL_08833	SSBG_00481	31.579	57	28	2	68	124	16	61	1.2	19.2
ONHDLDEL_08833	SSBG_00507	28.947	38	20	1	105	135	13	50	1.3	19.2
ONHDLDEL_08833	SSBG_00509	40.909	22	13	0	11	32	260	281	4.1	17.7
ONHDLDEL_08833	SSBG_00496	70.000	10	3	0	6	15	228	237	8.5	16.9
ONHDLDEL_08834	SSBG_00484	25.000	44	33	0	75	118	3	46	2.2	19.2
ONHDLDEL_08834	SSBG_00493	26.667	60	35	1	67	117	318	377	6.9	18.1
ONHDLDEL_08835	SSBG_00493	38.000	50	22	3	30	79	370	410	0.29	21.2
ONHDLDEL_08835	SSBG_00493	36.364	22	8	1	95	116	24	39	1.8	18.9
ONHDLDEL_08835	SSBG_00493	27.941	68	40	3	66	127	155	219	6.8	16.9
ONHDLDEL_08835	SSBG_00493	35.714	14	9	0	77	90	129	142	9.4	16.5
ONHDLDEL_08835	SSBG_00478	28.571	28	20	0	77	104	29	56	0.67	20.0
ONHDLDEL_08835	SSBG_00502	54.545	11	5	0	116	126	5	15	0.82	19.6
ONHDLDEL_08835	SSBG_00487	35.294	17	11	0	74	90	193	209	6.5	16.9
ONHDLDEL_08835	SSBG_00511	46.667	15	8	0	52	66	194	208	7.3	16.9
ONHDLDEL_08836	SSBG_00505	40.000	30	18	0	306	335	76	105	0.22	23.9
ONHDLDEL_08836	SSBG_00490	37.931	29	18	0	378	406	260	288	2.0	20.8
ONHDLDEL_08836	SSBG_00503	47.826	23	9	1	385	404	88	110	2.2	20.4
ONHDLDEL_08836	SSBG_00514	52.632	19	9	0	308	326	7	25	3.5	20.0
ONHDLDEL_08836	SSBG_00509	46.667	30	14	1	200	229	251	278	4.5	19.6
ONHDLDEL_08836	SSBG_00489	30.952	42	26	2	33	73	224	263	5.3	19.2
ONHDLDEL_08836	SSBG_00510	50.000	28	12	1	389	414	231	258	6.0	19.2
ONHDLDEL_08836	SSBG_00512	38.889	54	25	3	127	175	100	150	6.1	19.2
ONHDLDEL_08836	SSBG_00501	37.838	37	14	2	55	83	56	91	6.6	19.2
ONHDLDEL_08836	SSBG_00501	52.632	19	9	0	355	373	29	47	7.8	18.9
ONHDLDEL_08836	SSBG_00485	34.483	58	32	3	361	412	360	417	7.0	19.2
ONHDLDEL_08836	SSBG_00500	42.857	35	20	0	144	178	20	54	9.2	18.5
ONHDLDEL_08836	SSBG_00513	29.545	44	30	1	393	436	32	74	9.6	18.5
ONHDLDEL_08837	SSBG_00495	63.636	11	4	0	17	27	65	75	0.57	19.6
ONHDLDEL_08837	SSBG_00493	36.842	38	21	1	29	63	287	324	1.9	18.5
ONHDLDEL_08837	SSBG_00507	45.455	11	6	0	85	95	80	90	2.7	17.7
ONHDLDEL_08837	SSBG_00482	36.364	22	14	0	65	86	95	116	2.9	17.7
ONHDLDEL_08837	SSBG_00512	47.368	19	10	0	96	114	9	27	3.0	18.1
ONHDLDEL_08837	SSBG_00513	36.111	36	22	1	1	36	7	41	4.4	17.3
ONHDLDEL_08837	SSBG_00490	40.000	25	15	0	78	102	336	360	5.1	17.3
ONHDLDEL_08837	SSBG_00510	46.154	26	13	1	32	56	19	44	5.5	17.3
ONHDLDEL_08837	SSBG_00489	43.333	30	11	1	50	73	196	225	5.9	16.9
ONHDLDEL_08837	SSBG_00496	57.143	14	6	0	47	60	187	200	6.0	16.9
ONHDLDEL_08837	SSBG_00498	46.154	13	7	0	50	62	35	47	7.8	16.5
ONHDLDEL_08837	SSBG_00514	62.500	16	4	1	55	68	9	24	8.5	16.5
ONHDLDEL_08838	SSBG_00509	33.333	81	41	4	43	123	29	96	0.89	20.8
ONHDLDEL_08838	SSBG_00503	29.787	47	33	0	64	110	100	146	1.1	20.4
ONHDLDEL_08838	SSBG_00488	50.000	22	9	1	154	173	64	85	2.8	18.9
ONHDLDEL_08838	SSBG_00491	36.508	63	37	2	130	192	4	63	3.8	18.9
ONHDLDEL_08838	SSBG_00498	35.294	17	11	0	73	89	163	179	4.8	18.5
ONHDLDEL_08838	SSBG_00513	46.667	15	8	0	27	41	112	126	6.9	18.1
ONHDLDEL_08838	SSBG_00487	40.000	25	12	1	43	67	94	115	8.8	17.7
ONHDLDEL_08839	SSBG_00496	60.000	15	6	0	43	57	220	234	0.005	24.6
ONHDLDEL_08839	SSBG_00508	36.111	36	23	0	25	60	217	252	0.012	23.5
ONHDLDEL_08839	SSBG_00508	57.143	14	6	0	46	59	166	179	7.1	15.8
ONHDLDEL_08839	SSBG_00503	58.333	12	5	0	17	28	249	260	1.7	17.7
ONHDLDEL_08839	SSBG_00490	37.500	24	15	0	37	60	84	107	3.1	16.9
ONHDLDEL_08839	SSBG_00482	45.000	20	10	1	36	55	100	118	4.0	16.5
ONHDLDEL_08839	SSBG_00510	66.667	9	3	0	60	68	231	239	4.5	16.5
ONHDLDEL_08839	SSBG_00513	40.741	27	15	1	42	67	317	343	7.7	15.8
ONHDLDEL_08839	SSBG_00498	32.143	28	19	0	36	63	377	404	9.5	15.4
ONHDLDEL_08840	SSBG_00501	34.783	23	15	0	46	68	121	143	6.4	16.5
ONHDLDEL_08840	SSBG_00504	46.154	13	7	0	39	51	29	41	9.0	16.2
ONHDLDEL_08840	SSBG_00483	57.143	14	6	0	18	31	38	51	9.2	15.8
ONHDLDEL_08841	SSBG_00497	41.667	24	12	1	13	36	378	399	9.9	16.2
ONHDLDEL_08842	SSBG_00479	40.476	42	24	1	117	157	38	79	0.27	21.9
ONHDLDEL_08842	SSBG_00503	62.500	16	5	1	131	146	141	155	3.8	18.1
ONHDLDEL_08842	SSBG_00493	43.333	30	17	0	124	153	273	302	4.7	18.1
ONHDLDEL_08842	SSBG_00490	45.000	20	11	0	34	53	344	363	7.2	17.3
ONHDLDEL_08843	SSBG_00489	52.632	19	7	1	11	29	44	60	1.2	18.9
ONHDLDEL_08843	SSBG_00509	37.931	29	18	0	32	60	236	264	2.6	17.7
ONHDLDEL_08843	SSBG_00483	53.846	13	6	0	14	26	200	212	6.3	16.5
ONHDLDEL_08843	SSBG_00501	32.609	46	30	1	3	47	348	393	6.9	16.5
ONHDLDEL_08843	SSBG_00501	26.190	42	29	1	61	102	323	362	7.1	16.5
ONHDLDEL_08843	SSBG_00499	44.444	36	16	3	69	100	140	175	7.6	16.5
ONHDLDEL_08843	SSBG_00500	34.783	46	29	1	17	61	156	201	8.6	16.2
ONHDLDEL_08844	SSBG_00512	38.889	18	11	0	24	41	88	105	0.78	17.7
ONHDLDEL_08844	SSBG_00501	33.333	27	15	1	30	53	392	418	5.2	15.8
ONHDLDEL_08845	SSBG_00494	34.615	26	17	0	19	44	398	423	0.86	19.2
ONHDLDEL_08845	SSBG_00494	42.857	14	8	0	7	20	208	221	1.5	18.9
ONHDLDEL_08845	SSBG_00481	50.000	20	10	0	39	58	11	30	1.3	18.9
ONHDLDEL_08845	SSBG_00504	40.741	27	16	0	26	52	54	80	2.0	18.1
ONHDLDEL_08845	SSBG_00479	38.889	18	10	1	11	27	295	312	3.0	17.7
ONHDLDEL_08845	SSBG_00478	34.783	23	6	1	28	41	74	96	3.0	17.7
ONHDLDEL_08845	SSBG_00500	36.842	19	12	0	17	35	139	157	6.9	16.5
ONHDLDEL_08845	SSBG_00488	46.667	15	8	0	32	46	30	44	8.1	16.2
ONHDLDEL_08846	SSBG_00502	40.000	35	17	1	14	44	244	278	0.55	18.1
ONHDLDEL_08846	SSBG_00495	31.818	44	27	2	10	51	11	53	1.1	17.3
ONHDLDEL_08846	SSBG_00485	43.750	16	9	0	28	43	326	341	4.4	15.8
ONHDLDEL_08846	SSBG_00497	70.000	10	3	0	34	43	368	377	5.9	15.4
ONHDLDEL_08846	SSBG_00509	33.333	15	10	0	20	34	371	385	6.1	15.4
ONHDLDEL_08846	SSBG_00491	54.545	11	5	0	16	26	194	204	6.1	15.4
ONHDLDEL_08846	SSBG_00501	100.000	5	0	0	21	25	227	231	8.3	15.0
ONHDLDEL_08847	SSBG_00512	23.333	60	41	1	33	92	49	103	2.9	17.7
ONHDLDEL_08847	SSBG_00489	50.000	12	6	0	65	76	103	114	5.1	16.9
ONHDLDEL_08847	SSBG_00490	53.846	13	6	0	83	95	222	234	7.5	16.5
ONHDLDEL_08847	SSBG_00490	50.000	10	5	0	17	26	239	248	7.6	16.5
ONHDLDEL_08848	SSBG_00489	34.783	46	18	3	12	45	35	80	2.6	17.7
ONHDLDEL_08848	SSBG_00489	25.000	48	27	1	33	80	133	171	3.1	17.3
ONHDLDEL_08848	SSBG_00485	32.143	28	19	0	65	92	387	414	6.9	16.5
ONHDLDEL_08848	SSBG_00493	62.500	8	3	0	70	77	222	229	7.1	16.5
ONHDLDEL_08848	SSBG_00503	85.714	7	1	0	49	55	148	154	9.4	16.2
ONHDLDEL_08848	SSBG_00487	40.000	15	9	0	56	70	169	183	9.7	15.8
ONHDLDEL_08849	SSBG_00496	32.500	40	22	1	7	46	93	127	0.47	18.9
ONHDLDEL_08849	SSBG_00483	37.500	24	12	1	36	56	5	28	2.6	16.9
ONHDLDEL_08849	SSBG_00505	60.000	10	4	0	47	56	225	234	4.1	16.2
ONHDLDEL_08849	SSBG_00513	60.000	10	4	0	30	39	353	362	6.3	15.8
ONHDLDEL_08849	SSBG_00486	34.286	35	11	2	1	35	81	103	8.3	15.4
ONHDLDEL_08850	SSBG_00501	31.818	44	25	2	22	60	58	101	1.4	19.6
ONHDLDEL_08850	SSBG_00501	45.000	20	8	2	84	102	66	83	9.5	16.9
ONHDLDEL_08850	SSBG_00494	35.294	34	11	1	55	88	137	159	2.6	18.9
ONHDLDEL_08850	SSBG_00484	25.424	59	38	2	57	115	119	171	3.7	18.1
ONHDLDEL_08850	SSBG_00489	35.000	20	13	0	75	94	222	241	4.1	18.1
ONHDLDEL_08850	SSBG_00479	30.000	50	27	2	36	83	143	186	4.8	17.7
ONHDLDEL_08850	SSBG_00510	28.571	42	25	2	78	114	183	224	8.5	16.9
ONHDLDEL_08851	SSBG_00485	54.545	22	9	1	15	36	279	299	0.79	18.1
ONHDLDEL_08851	SSBG_00494	40.000	20	12	0	6	25	210	229	2.7	16.9
ONHDLDEL_08851	SSBG_00483	60.000	10	4	0	36	45	215	224	2.7	16.9
ONHDLDEL_08851	SSBG_00491	47.619	21	10	1	35	54	16	36	3.4	16.5
ONHDLDEL_08851	SSBG_00510	30.435	23	16	0	39	61	248	270	4.4	16.2
ONHDLDEL_08851	SSBG_00512	37.500	16	10	0	48	63	202	217	6.2	15.8
ONHDLDEL_08852	SSBG_00511	42.105	19	11	0	16	34	135	153	1.6	16.9
ONHDLDEL_08852	SSBG_00511	40.000	20	12	0	19	38	26	45	1.7	16.9
ONHDLDEL_08852	SSBG_00494	32.432	37	22	1	10	43	147	183	1.7	16.9
ONHDLDEL_08852	SSBG_00479	32.432	37	25	0	2	38	158	194	8.3	15.0
ONHDLDEL_08853	SSBG_00513	55.556	9	4	0	19	27	186	194	8.0	15.4
ONHDLDEL_08854	SSBG_00513	40.909	22	13	0	17	38	120	141	2.6	16.9
ONHDLDEL_08854	SSBG_00478	35.484	31	15	1	3	28	7	37	3.1	16.9
ONHDLDEL_08854	SSBG_00486	83.333	6	1	0	41	46	87	92	4.2	16.5
ONHDLDEL_08854	SSBG_00489	53.846	13	6	0	17	29	37	49	8.5	15.8
ONHDLDEL_08855	SSBG_00501	42.857	14	8	0	61	74	142	155	5.8	16.5
ONHDLDEL_08856	SSBG_00479	30.556	36	23	1	188	221	53	88	0.49	21.6
ONHDLDEL_08856	SSBG_00504	28.205	39	20	1	130	168	188	218	0.81	20.8
ONHDLDEL_08856	SSBG_00511	100.000	7	0	0	9	15	322	328	2.8	19.2
ONHDLDEL_08856	SSBG_00483	29.167	72	37	3	153	212	63	132	2.8	19.2
ONHDLDEL_08856	SSBG_00502	85.714	7	1	0	1	7	318	324	4.9	18.5
ONHDLDEL_08856	SSBG_00489	30.769	39	25	1	36	72	238	276	4.9	18.5
ONHDLDEL_08856	SSBG_00510	28.571	35	25	0	119	153	179	213	6.8	18.1
ONHDLDEL_08856	SSBG_00514	41.667	36	13	3	13	40	16	51	8.2	17.7
ONHDLDEL_08857	SSBG_00497	48.148	27	13	1	13	38	408	434	0.100	21.6
ONHDLDEL_08857	SSBG_00491	31.915	47	29	2	37	80	148	194	0.58	19.2
ONHDLDEL_08857	SSBG_00498	70.000	10	3	0	52	61	61	70	1.4	18.5
ONHDLDEL_08857	SSBG_00513	54.545	11	5	0	2	12	397	407	2.2	17.7
ONHDLDEL_08857	SSBG_00513	33.333	33	21	1	15	47	225	256	8.4	16.2
ONHDLDEL_08857	SSBG_00500	43.750	16	9	0	47	62	84	99	3.4	17.3
ONHDLDEL_08857	SSBG_00508	34.375	32	17	1	15	42	83	114	3.5	16.9
ONHDLDEL_08857	SSBG_00488	38.462	26	16	0	37	62	30	55	6.4	16.2
ONHDLDEL_08857	SSBG_00479	32.432	37	25	0	42	78	284	320	6.4	16.5
ONHDLDEL_08857	SSBG_00483	61.538	13	3	1	63	75	243	253	7.7	16.2
ONHDLDEL_08857	SSBG_00487	63.636	11	4	0	28	38	187	197	7.9	16.2
ONHDLDEL_08857	SSBG_00503	83.333	6	1	0	45	50	141	146	9.1	15.8
ONHDLDEL_08858	SSBG_00486	32.500	40	17	1	29	68	70	99	0.44	19.2
ONHDLDEL_08858	SSBG_00499	29.167	24	17	0	35	58	38	61	4.3	16.5
ONHDLDEL_08858	SSBG_00502	71.429	7	2	0	45	51	34	40	4.5	16.5
ONHDLDEL_08858	SSBG_00502	41.667	12	7	0	47	58	157	168	9.7	15.4
ONHDLDEL_08859	SSBG_00511	44.737	38	14	2	169	199	204	241	0.40	21.6
ONHDLDEL_08859	SSBG_00503	42.105	19	11	0	3	21	189	207	1.5	19.6
ONHDLDEL_08859	SSBG_00491	47.059	17	9	0	25	41	168	184	4.4	18.5
ONHDLDEL_08859	SSBG_00501	30.000	30	21	0	131	160	97	126	6.4	18.1
ONHDLDEL_08859	SSBG_00494	26.190	42	31	0	12	53	381	422	7.9	17.7
ONHDLDEL_08859	SSBG_00513	38.889	18	11	0	48	65	174	191	8.4	17.7
ONHDLDEL_08860	SSBG_00503	27.586	58	36	1	35	92	162	213	0.35	20.8
ONHDLDEL_08860	SSBG_00511	34.043	47	27	1	37	79	25	71	0.81	20.0
ONHDLDEL_08860	SSBG_00479	53.846	13	6	0	80	92	244	256	3.5	18.1
ONHDLDEL_08860	SSBG_00507	52.941	17	7	1	73	88	41	57	3.6	17.7
ONHDLDEL_08860	SSBG_00507	58.333	12	5	0	35	46	49	60	7.3	16.9
ONHDLDEL_08860	SSBG_00513	30.000	50	23	3	26	63	12	61	5.8	17.3
ONHDLDEL_08860	SSBG_00487	22.222	36	28	0	57	92	103	138	9.6	16.5
ONHDLDEL_08861	SSBG_00503	30.435	46	27	2	35	75	75	120	1.3	19.2
ONHDLDEL_08861	SSBG_00511	46.154	13	7	0	40	52	24	36	5.2	17.3
ONHDLDEL_08862	SSBG_00493	87.500	8	1	0	65	72	261	268	2.8	18.5
ONHDLDEL_08862	SSBG_00483	32.143	56	35	1	40	95	35	87	3.1	18.5
ONHDLDEL_08862	SSBG_00513	54.545	11	5	0	143	153	23	33	4.6	18.1
ONHDLDEL_08862	SSBG_00509	30.556	36	23	1	118	151	103	138	6.0	17.7
ONHDLDEL_08862	SSBG_00498	33.333	33	21	1	3	35	407	438	6.2	17.3
ONHDLDEL_08862	SSBG_00490	39.130	23	7	1	53	68	65	87	6.3	17.3
ONHDLDEL_08862	SSBG_00490	37.500	24	15	0	128	151	229	252	8.7	16.9
ONHDLDEL_08862	SSBG_00491	46.154	13	7	0	142	154	198	210	9.9	16.9
ONHDLDEL_08863	SSBG_00510	34.426	61	34	2	111	168	269	326	0.89	20.4
ONHDLDEL_08863	SSBG_00510	31.707	41	27	1	130	170	35	74	2.2	19.2
ONHDLDEL_08863	SSBG_00488	40.909	22	13	0	145	166	34	55	1.3	19.6
ONHDLDEL_08863	SSBG_00488	23.404	47	34	1	3	47	83	129	2.7	18.5
ONHDLDEL_08863	SSBG_00513	54.545	11	5	0	137	147	113	123	2.5	18.9
ONHDLDEL_08863	SSBG_00513	29.268	41	26	1	27	67	14	51	8.8	17.3
ONHDLDEL_08863	SSBG_00505	50.000	22	10	1	3	24	109	129	7.8	17.3
ONHDLDEL_08863	SSBG_00494	29.730	37	25	1	114	149	163	199	7.8	17.3
ONHDLDEL_08863	SSBG_00478	50.000	14	7	0	46	59	2	15	8.4	17.3
ONHDLDEL_08864	SSBG_00503	26.316	38	28	0	77	114	207	244	0.22	21.2
ONHDLDEL_08864	SSBG_00510	32.609	46	31	0	53	98	192	237	0.88	19.6
ONHDLDEL_08864	SSBG_00497	34.783	23	15	0	38	60	87	109	2.7	18.1
ONHDLDEL_08864	SSBG_00505	46.667	15	8	0	50	64	166	180	5.1	17.3
ONHDLDEL_08864	SSBG_00493	35.000	20	7	1	11	24	136	155	6.9	16.9
ONHDLDEL_08864	SSBG_00485	44.444	9	5	0	15	23	482	490	7.9	16.5
ONHDLDEL_08864	SSBG_00487	70.000	10	3	0	11	20	145	154	9.1	16.5
ONHDLDEL_08865	SSBG_00496	33.333	39	21	1	16	54	147	180	1.8	17.3
ONHDLDEL_08865	SSBG_00497	34.483	29	14	1	38	61	165	193	2.1	17.3
ONHDLDEL_08866	SSBG_00500	37.838	37	14	2	177	209	19	50	0.48	21.6
ONHDLDEL_08866	SSBG_00502	31.481	54	34	1	134	184	314	367	0.53	21.6
ONHDLDEL_08866	SSBG_00513	37.500	32	17	1	93	121	370	401	3.1	19.2
ONHDLDEL_08867	SSBG_00485	29.167	24	17	0	17	40	427	450	1.0	18.1
ONHDLDEL_08867	SSBG_00485	33.333	15	10	0	16	30	330	344	8.8	15.8
ONHDLDEL_08867	SSBG_00487	38.462	26	16	0	11	36	113	138	1.3	18.1
ONHDLDEL_08867	SSBG_00508	33.333	33	15	1	10	35	55	87	1.9	17.3
ONHDLDEL_08867	SSBG_00478	38.095	21	13	0	48	68	183	203	2.1	17.3
ONHDLDEL_08867	SSBG_00499	45.455	11	6	0	4	14	126	136	4.4	16.5
ONHDLDEL_08867	SSBG_00501	41.667	12	7	0	35	46	343	354	5.5	16.2
ONHDLDEL_08867	SSBG_00483	42.857	14	8	0	35	48	238	251	7.5	15.8
ONHDLDEL_08868	SSBG_00511	28.571	21	15	0	36	56	244	264	0.79	19.2
ONHDLDEL_08868	SSBG_00497	36.000	25	16	0	33	57	311	335	5.3	16.9
ONHDLDEL_08868	SSBG_00495	43.750	16	9	0	67	82	64	79	9.3	16.2
ONHDLDEL_08869	SSBG_00496	46.000	50	26	1	8	56	209	258	1.83e-09	42.4
ONHDLDEL_08869	SSBG_00508	35.417	48	31	0	11	58	228	275	3.60e-06	33.1
ONHDLDEL_08869	SSBG_00514	71.429	7	2	0	1	7	56	62	8.2	15.4
ONHDLDEL_08870	SSBG_00496	33.962	106	67	1	1	103	74	179	3.06e-14	57.8
ONHDLDEL_08870	SSBG_00508	27.835	97	67	2	5	98	98	194	9.31e-05	31.2
ONHDLDEL_08870	SSBG_00493	61.538	13	5	0	15	27	400	412	1.5	18.9
ONHDLDEL_08870	SSBG_00485	28.571	28	20	0	27	54	256	283	1.9	18.5
ONHDLDEL_08870	SSBG_00490	26.667	30	22	0	37	66	277	306	2.4	18.1
ONHDLDEL_08870	SSBG_00498	31.250	64	30	3	55	111	318	374	4.6	17.3
ONHDLDEL_08870	SSBG_00510	53.846	13	6	0	55	67	316	328	5.3	17.3
ONHDLDEL_08871	SSBG_00500	40.000	20	12	0	77	96	261	280	1.9	18.9
ONHDLDEL_08871	SSBG_00494	40.741	27	16	0	31	57	212	238	4.3	17.7
ONHDLDEL_08871	SSBG_00505	41.935	31	18	0	40	70	74	104	9.2	16.5
ONHDLDEL_08872	SSBG_00512	37.838	37	19	1	135	167	48	84	1.7	20.0
ONHDLDEL_08872	SSBG_00499	23.077	78	53	2	115	189	95	168	3.0	18.9
ONHDLDEL_08872	SSBG_00501	43.478	23	10	1	160	182	79	98	4.1	18.9
ONHDLDEL_08872	SSBG_00484	31.818	22	15	0	202	223	95	116	5.5	18.1
ONHDLDEL_08872	SSBG_00509	63.636	11	4	0	170	180	13	23	6.3	18.1
ONHDLDEL_08872	SSBG_00489	50.000	14	7	0	49	62	3	16	6.4	18.1
ONHDLDEL_08873	SSBG_00479	27.907	129	89	1	4	128	47	175	1.12e-06	38.1
ONHDLDEL_08873	SSBG_00505	36.364	33	21	0	133	165	115	147	1.9	19.2
ONHDLDEL_08873	SSBG_00501	37.931	29	18	0	13	41	273	301	3.2	18.9
ONHDLDEL_08873	SSBG_00511	43.333	30	13	1	130	159	218	243	6.7	17.7
ONHDLDEL_08873	SSBG_00511	36.000	25	16	0	48	72	161	185	8.5	17.3
ONHDLDEL_08873	SSBG_00483	26.829	82	45	4	97	170	70	144	8.6	17.3
ONHDLDEL_08874	SSBG_00479	30.233	43	25	1	24	66	9	46	0.004	25.0
ONHDLDEL_08874	SSBG_00513	30.952	42	27	1	10	49	179	220	0.24	20.0
ONHDLDEL_08874	SSBG_00494	35.714	14	9	0	57	70	12	25	1.9	17.7
ONHDLDEL_08874	SSBG_00500	41.667	12	7	0	54	65	9	20	2.5	17.3
ONHDLDEL_08874	SSBG_00493	50.000	12	6	0	57	68	15	26	2.8	16.9
ONHDLDEL_08874	SSBG_00478	35.000	20	13	0	5	24	240	259	3.0	16.9
ONHDLDEL_08874	SSBG_00504	24.000	25	19	0	46	70	197	221	5.5	16.2
ONHDLDEL_08874	SSBG_00505	34.615	26	15	1	43	68	58	81	8.1	15.8
ONHDLDEL_08875	SSBG_00504	28.571	42	24	2	67	102	195	236	0.39	21.9
ONHDLDEL_08875	SSBG_00488	36.842	38	21	2	62	98	14	49	1.4	20.0
ONHDLDEL_08875	SSBG_00499	38.182	55	29	4	16	68	83	134	2.3	19.6
ONHDLDEL_08875	SSBG_00511	44.444	27	14	1	8	34	1	26	4.0	18.9
ONHDLDEL_08875	SSBG_00511	47.059	17	9	0	27	43	151	167	6.9	18.1
ONHDLDEL_08875	SSBG_00512	52.174	23	10	1	50	71	178	200	7.2	18.1
ONHDLDEL_08875	SSBG_00503	60.000	10	4	0	170	179	220	229	7.7	18.1
ONHDLDEL_08875	SSBG_00484	60.000	10	4	0	201	210	110	119	8.5	17.7
ONHDLDEL_08875	SSBG_00502	45.000	20	11	0	49	68	151	170	8.5	17.7
