OPPBIMDH_03593	BCK51664.1	39.286	28	17	0	7	34	34	61	0.57	23.5
OPPBIMDH_03593	BCK51633.1	30.769	65	39	1	43	107	3484	3542	0.94	23.9
OPPBIMDH_03593	BCK51633.1	35.385	65	39	2	100	163	1414	1476	1.2	23.5
OPPBIMDH_03593	BCK51643.1	47.059	34	15	2	198	229	2713	2745	1.2	23.5
OPPBIMDH_03593	BCK51643.1	37.500	32	18	1	1	32	4422	4451	6.8	21.2
OPPBIMDH_03593	BCK51646.1	31.250	32	22	0	158	189	3553	3584	2.5	22.3
OPPBIMDH_03593	BCK51641.1	38.462	52	19	3	74	120	2865	2908	2.7	22.3
OPPBIMDH_03593	BCK51641.1	39.394	33	20	0	13	45	3004	3036	2.8	22.3
OPPBIMDH_03593	BCK51640.1	27.160	81	46	3	62	139	2093	2163	8.1	20.8
OPPBIMDH_03594	BCK51628.1	43.750	48	24	2	113	158	306	352	0.30	25.0
OPPBIMDH_03594	BCK51653.1	44.000	25	14	0	6	30	28	52	0.35	25.0
OPPBIMDH_03594	BCK51644.1	44.000	25	14	0	112	136	3183	3207	1.7	22.7
OPPBIMDH_03594	BCK51644.1	45.161	31	13	1	195	225	721	747	2.7	21.9
OPPBIMDH_03594	BCK51633.1	50.000	18	9	0	6	23	1322	1339	3.3	21.9
OPPBIMDH_03594	BCK51641.1	30.303	33	19	1	75	107	1703	1731	5.4	21.2
OPPBIMDH_03594	BCK51660.1	50.000	14	7	0	11	24	31	44	5.7	20.8
OPPBIMDH_03594	BCK51643.1	36.957	46	20	2	69	107	3371	3414	7.6	20.8
OPPBIMDH_03594	BCK51650.1	50.000	14	7	0	11	24	34	47	9.3	20.0
OPPBIMDH_03594	BCK51646.1	39.394	33	18	1	6	38	3205	3235	9.4	20.4
OPPBIMDH_03595	BCK51640.1	66.667	15	5	0	408	422	5396	5410	1.5	24.3
OPPBIMDH_03595	BCK51640.1	28.767	73	48	2	202	274	4068	4136	3.7	23.1
OPPBIMDH_03595	BCK51640.1	22.581	62	45	1	213	274	2006	2064	4.6	22.7
OPPBIMDH_03595	BCK51638.1	40.625	32	19	0	159	190	3308	3339	3.9	22.7
OPPBIMDH_03595	BCK51645.1	25.806	62	43	1	213	274	4553	4611	4.2	22.7
OPPBIMDH_03595	BCK51649.1	24.490	49	37	0	293	341	709	757	7.9	21.9
OPPBIMDH_03595	BCK51644.1	30.769	39	24	1	236	274	3596	3631	8.6	21.6
OPPBIMDH_03597	BCK51642.1	52.000	25	12	0	105	129	1005	1029	0.14	26.9
OPPBIMDH_03597	BCK51646.1	44.000	25	14	0	141	165	2761	2785	1.8	23.1
OPPBIMDH_03597	BCK51633.1	35.484	31	20	0	127	157	763	793	7.3	21.2
OPPBIMDH_03597	BCK51648.1	62.500	16	3	1	116	131	1591	1603	7.5	21.2
OPPBIMDH_03597	BCK51658.1	30.000	30	21	0	54	83	425	454	8.2	20.8
OPPBIMDH_03598	BCK51642.1	37.398	123	56	7	921	1041	2877	2980	0.12	29.6
OPPBIMDH_03598	BCK51640.1	32.231	121	66	5	429	536	3796	3913	0.75	26.9
OPPBIMDH_03598	BCK51640.1	32.836	67	38	3	73	135	5708	5771	5.2	24.3
OPPBIMDH_03598	BCK51640.1	34.000	50	17	1	790	839	2849	2882	7.1	23.9
OPPBIMDH_03598	BCK51640.1	42.222	45	24	1	228	270	7433	7477	8.9	23.5
OPPBIMDH_03598	BCK51641.1	33.766	77	36	3	523	589	7934	8005	0.75	26.9
OPPBIMDH_03598	BCK51641.1	26.923	78	47	3	639	714	1957	2026	5.7	24.3
OPPBIMDH_03598	BCK51634.1	41.860	43	21	2	799	837	109	151	1.3	26.2
OPPBIMDH_03598	BCK51656.1	33.333	54	36	0	161	214	81	134	3.6	23.9
OPPBIMDH_03598	BCK51633.1	34.884	86	41	3	1396	1468	3971	4054	5.2	24.3
OPPBIMDH_03598	BCK51646.1	27.397	73	39	3	249	321	32	90	5.4	24.3
OPPBIMDH_03598	BCK51649.1	43.750	32	17	1	933	964	1715	1745	5.8	24.3
OPPBIMDH_03598	BCK51648.1	38.889	54	25	2	1232	1283	1201	1248	6.6	23.9
OPPBIMDH_03599	BCK51642.1	28.788	132	78	3	87	212	1142	1263	0.11	27.3
OPPBIMDH_03599	BCK51625.1	27.184	103	59	4	83	181	244	334	0.18	26.6
OPPBIMDH_03599	BCK51644.1	47.059	34	18	0	70	103	3308	3341	1.4	23.9
OPPBIMDH_03599	BCK51633.1	40.000	30	18	0	112	141	1127	1156	1.6	23.9
OPPBIMDH_03599	BCK51633.1	55.556	18	8	0	43	60	332	349	3.6	22.7
OPPBIMDH_03599	BCK51649.1	34.848	66	32	2	134	195	1217	1275	3.8	22.3
OPPBIMDH_03599	BCK51649.1	35.897	39	25	0	330	368	957	995	9.8	21.2
OPPBIMDH_03599	BCK51652.1	31.818	88	49	4	199	286	304	380	7.3	21.6
OPPBIMDH_03599	BCK51637.1	41.176	51	27	2	54	103	1411	1459	8.4	21.2
OPPBIMDH_03599	BCK51648.1	37.500	40	19	1	19	52	917	956	9.5	21.2
OPPBIMDH_03599	BCK51641.1	38.462	39	23	1	156	193	8369	8407	10.0	21.2
OPPBIMDH_03600	BCK51640.1	40.476	42	22	2	187	228	6614	6652	1.1	26.2
OPPBIMDH_03600	BCK51640.1	30.380	79	49	2	525	597	2732	2810	8.1	23.1
OPPBIMDH_03600	BCK51671.1	36.207	58	36	1	915	972	26	82	2.8	23.1
OPPBIMDH_03600	BCK51646.1	32.468	77	50	2	740	816	2208	2282	5.6	23.9
OPPBIMDH_03600	BCK51653.1	39.130	23	14	0	298	320	475	497	7.0	23.5
OPPBIMDH_03600	BCK51641.1	38.462	39	21	2	190	228	4039	4074	7.0	23.5
OPPBIMDH_03600	BCK51643.1	44.444	27	15	0	1090	1116	4577	4603	8.0	23.1
OPPBIMDH_03600	BCK51648.1	63.636	11	4	0	55	65	2666	2676	9.0	23.1
OPPBIMDH_03601	BCK51647.1	33.333	93	50	2	149	237	1134	1218	0.51	26.2
OPPBIMDH_03601	BCK51633.1	37.879	66	37	2	337	400	965	1028	1.8	24.3
OPPBIMDH_03601	BCK51633.1	27.419	62	44	1	273	334	432	492	6.2	22.7
OPPBIMDH_03601	BCK51632.1	42.105	38	19	2	474	510	197	232	2.2	23.5
OPPBIMDH_03601	BCK51641.1	43.243	37	17	2	416	450	5805	5839	4.3	23.1
OPPBIMDH_03601	BCK51641.1	34.545	55	32	2	416	468	2311	2363	6.8	22.3
OPPBIMDH_03601	BCK51641.1	40.541	37	18	2	416	450	7551	7585	9.2	21.9
OPPBIMDH_03601	BCK51642.1	29.508	61	43	0	213	273	568	628	4.6	23.1
OPPBIMDH_03601	BCK51640.1	40.541	37	18	2	416	450	6640	6674	7.5	22.3
OPPBIMDH_03601	BCK51628.1	29.008	131	74	4	335	451	205	330	8.7	21.9
OPPBIMDH_03602	BCK51645.1	96.725	794	26	0	28	821	3917	4710	0.0	1472
OPPBIMDH_03602	BCK51645.1	45.983	722	353	14	40	737	2370	3078	1.91e-156	499
OPPBIMDH_03602	BCK51645.1	45.259	696	323	18	52	737	875	1522	6.37e-123	402
OPPBIMDH_03602	BCK51647.1	48.153	812	395	10	28	821	861	1664	0.0	618
OPPBIMDH_03602	BCK51648.1	46.972	743	296	15	28	736	848	1526	8.58e-155	494
OPPBIMDH_03602	BCK51648.1	46.112	733	360	13	23	736	2361	3077	1.38e-152	488
OPPBIMDH_03602	BCK51640.1	48.227	705	342	12	43	736	6750	7442	7.80e-152	486
OPPBIMDH_03602	BCK51640.1	39.000	600	322	15	246	820	5406	5986	4.19e-73	255
OPPBIMDH_03602	BCK51640.1	47.532	385	168	9	375	742	3794	4161	7.11e-71	248
OPPBIMDH_03602	BCK51640.1	45.745	376	179	9	375	740	1722	2082	2.44e-67	238
OPPBIMDH_03602	BCK51640.1	47.222	72	36	1	24	93	2911	2982	1.87e-11	60.8
OPPBIMDH_03602	BCK51640.1	44.643	56	30	1	38	92	4997	5052	6.30e-07	46.2
OPPBIMDH_03602	BCK51640.1	48.077	52	25	1	43	92	864	915	2.72e-06	43.9
OPPBIMDH_03602	BCK51640.1	35.780	109	67	3	285	392	1309	1415	0.13	28.5
OPPBIMDH_03602	BCK51640.1	36.842	38	24	0	506	543	4696	4733	1.8	25.0
OPPBIMDH_03602	BCK51640.1	40.909	44	22	2	21	64	1297	1336	5.0	23.5
OPPBIMDH_03602	BCK51640.1	28.125	96	63	1	624	719	764	853	9.2	22.3
OPPBIMDH_03602	BCK51638.1	45.087	743	370	15	28	754	2582	3302	5.51e-150	481
OPPBIMDH_03602	BCK51638.1	42.027	809	414	17	39	821	5637	6416	9.83e-124	404
OPPBIMDH_03602	BCK51638.1	43.978	739	365	18	28	750	4110	4815	2.86e-120	394
OPPBIMDH_03602	BCK51638.1	50.000	434	206	6	309	738	1325	1751	2.69e-69	243
OPPBIMDH_03602	BCK51638.1	53.333	30	13	1	63	91	878	907	0.002	34.3
OPPBIMDH_03602	BCK51641.1	46.991	698	349	10	52	740	878	1563	2.58e-147	473
OPPBIMDH_03602	BCK51641.1	44.044	722	357	18	43	753	7660	8345	5.69e-121	396
OPPBIMDH_03602	BCK51641.1	37.317	820	396	19	36	817	9189	9928	8.64e-99	331
OPPBIMDH_03602	BCK51641.1	42.056	535	289	9	285	808	6359	6883	1.82e-80	277
OPPBIMDH_03602	BCK51641.1	43.191	470	236	8	285	740	4615	5067	4.20e-76	264
OPPBIMDH_03602	BCK51641.1	45.119	461	231	9	285	736	2869	3316	1.01e-67	239
OPPBIMDH_03602	BCK51641.1	45.000	60	31	1	43	100	5915	5974	2.99e-07	47.0
OPPBIMDH_03602	BCK51641.1	45.098	51	26	1	43	91	2420	2470	1.79e-05	41.2
OPPBIMDH_03602	BCK51641.1	41.176	51	28	1	43	91	4170	4220	2.45e-04	37.7
OPPBIMDH_03602	BCK51643.1	41.972	791	432	11	40	821	4109	4881	8.27e-133	431
OPPBIMDH_03602	BCK51643.1	46.362	701	344	16	50	736	2559	3241	1.12e-126	413
OPPBIMDH_03602	BCK51643.1	36.569	752	404	20	83	809	1161	1864	5.60e-78	270
OPPBIMDH_03602	BCK51643.1	40.351	57	32	1	43	97	873	929	0.003	34.3
OPPBIMDH_03602	BCK51644.1	46.901	710	352	12	42	740	864	1559	3.84e-126	411
OPPBIMDH_03602	BCK51644.1	49.663	445	206	10	384	821	3295	3728	2.37e-89	303
OPPBIMDH_03602	BCK51644.1	92.188	64	5	0	28	91	2395	2458	2.70e-30	122
OPPBIMDH_03602	BCK51644.1	37.805	82	46	2	289	370	2881	2957	0.002	34.3
OPPBIMDH_03602	BCK51642.1	43.646	724	367	18	42	750	864	1561	1.42e-124	407
OPPBIMDH_03602	BCK51642.1	47.490	478	235	7	351	819	2871	3341	5.83e-104	346
OPPBIMDH_03602	BCK51642.1	53.571	56	26	0	36	91	2334	2389	1.59e-11	61.2
OPPBIMDH_03602	BCK51637.1	44.465	551	281	10	285	821	1315	1854	3.49e-99	332
OPPBIMDH_03602	BCK51637.1	33.333	99	48	3	23	108	837	930	2.98e-04	37.4
OPPBIMDH_03602	BCK51637.1	29.762	84	48	3	693	774	826	900	8.6	22.7
OPPBIMDH_03602	BCK51646.1	43.962	530	268	9	306	821	3133	3647	1.32e-95	322
OPPBIMDH_03602	BCK51646.1	49.584	361	172	5	384	740	1436	1790	2.33e-81	280
OPPBIMDH_03602	BCK51646.1	82.432	74	11	1	28	99	2622	2695	4.32e-29	118
OPPBIMDH_03602	BCK51646.1	46.667	45	22	1	52	94	873	917	8.62e-05	38.9
OPPBIMDH_03602	BCK51633.1	44.313	422	229	5	401	820	4544	4961	3.22e-78	270
OPPBIMDH_03602	BCK51633.1	44.444	351	175	7	398	741	2471	2808	8.35e-50	184
OPPBIMDH_03602	BCK51633.1	54.321	81	37	0	655	735	996	1076	2.17e-15	73.9
OPPBIMDH_03602	BCK51633.1	41.818	55	32	0	38	92	3654	3708	5.06e-06	43.1
OPPBIMDH_03602	BCK51633.1	36.082	97	56	3	282	377	4105	4196	0.024	30.8
OPPBIMDH_03602	BCK51633.1	52.174	23	11	0	78	100	1980	2002	0.21	28.1
OPPBIMDH_03602	BCK51649.1	38.169	710	375	21	43	736	865	1526	4.91e-73	254
OPPBIMDH_03602	BCK51628.1	34.568	81	44	2	659	739	721	792	0.13	28.5
OPPBIMDH_03602	BCK51653.1	36.047	86	50	3	372	456	24	105	9.1	22.3
OPPBIMDH_03602	BCK51652.1	50.000	32	10	3	354	383	831	858	9.6	22.3
OPPBIMDH_03603	BCK51646.1	94.572	958	51	1	1	958	1	957	0.0	1673
OPPBIMDH_03603	BCK51646.1	53.085	940	431	6	21	958	1797	2728	0.0	824
OPPBIMDH_03603	BCK51645.1	78.214	918	198	2	3	919	4	920	0.0	1348
OPPBIMDH_03603	BCK51645.1	53.704	918	413	7	5	917	1515	2425	0.0	838
OPPBIMDH_03603	BCK51645.1	55.184	897	383	8	31	918	3097	3983	0.0	815
OPPBIMDH_03603	BCK51641.1	73.194	955	252	3	5	958	5057	6008	0.0	1336
OPPBIMDH_03603	BCK51641.1	74.701	921	218	3	6	917	7	921	0.0	1280
OPPBIMDH_03603	BCK51641.1	74.161	894	221	4	31	920	6828	7715	0.0	1272
OPPBIMDH_03603	BCK51641.1	69.907	967	275	8	3	958	1551	2512	0.0	1246
OPPBIMDH_03603	BCK51641.1	69.799	947	272	5	20	958	3323	4263	0.0	1186
OPPBIMDH_03603	BCK51641.1	66.593	901	282	6	33	916	8355	9253	0.0	1077
OPPBIMDH_03603	BCK51640.1	71.042	960	273	4	1	958	1	957	0.0	1293
OPPBIMDH_03603	BCK51640.1	74.718	886	219	3	33	917	5921	6802	0.0	1228
OPPBIMDH_03603	BCK51640.1	66.667	927	303	6	33	958	4173	5094	0.0	1097
OPPBIMDH_03603	BCK51640.1	55.021	936	408	6	28	958	2096	3023	0.0	857
OPPBIMDH_03603	BCK51640.1	26.190	84	40	2	415	489	1217	1287	3.2	24.3
OPPBIMDH_03603	BCK51643.1	68.079	968	296	7	1	958	1	965	0.0	1210
OPPBIMDH_03603	BCK51643.1	62.084	902	322	5	33	916	3263	4162	0.0	1033
OPPBIMDH_03603	BCK51643.1	67.562	521	161	2	33	550	1810	2325	0.0	689
OPPBIMDH_03603	BCK51643.1	33.333	147	82	3	778	917	2467	2604	1.46e-07	48.5
OPPBIMDH_03603	BCK51643.1	25.714	245	141	10	185	410	3211	3433	3.3	24.3
OPPBIMDH_03603	BCK51644.1	66.739	920	296	5	1	915	1	915	0.0	1144
OPPBIMDH_03603	BCK51644.1	54.963	937	400	9	32	958	1577	2501	0.0	843
OPPBIMDH_03603	BCK51644.1	30.233	86	46	2	1	83	1261	1335	1.8	25.0
OPPBIMDH_03603	BCK51642.1	65.795	918	299	4	14	917	1	917	0.0	1093
OPPBIMDH_03603	BCK51642.1	60.334	658	235	4	33	676	1569	2214	0.0	634
OPPBIMDH_03603	BCK51642.1	46.429	84	43	1	874	957	2350	2431	4.44e-13	66.6
OPPBIMDH_03603	BCK51648.1	66.291	887	288	5	38	917	1554	2436	0.0	1060
OPPBIMDH_03603	BCK51648.1	56.039	919	394	6	1	916	1	912	0.0	850
OPPBIMDH_03603	BCK51648.1	32.353	68	31	2	238	302	2760	2815	8.9	22.7
OPPBIMDH_03603	BCK51638.1	60.663	966	355	9	1	958	1	949	0.0	1025
OPPBIMDH_03603	BCK51638.1	61.002	918	340	8	7	918	1745	2650	0.0	1004
OPPBIMDH_03603	BCK51638.1	61.788	895	322	8	26	917	4818	5695	0.0	1001
OPPBIMDH_03603	BCK51638.1	61.761	897	312	12	33	918	3302	4178	0.0	996
OPPBIMDH_03603	BCK51637.1	59.053	972	371	8	1	958	1	959	0.0	1023
OPPBIMDH_03603	BCK51649.1	60.987	892	331	5	34	917	35	917	0.0	999
OPPBIMDH_03603	BCK51633.1	60.064	939	357	9	33	958	1102	2035	0.0	928
OPPBIMDH_03603	BCK51633.1	54.362	940	401	12	33	958	2824	3749	0.0	847
OPPBIMDH_03603	BCK51647.1	53.560	941	406	8	1	921	1	930	0.0	835
OPPBIMDH_03603	BCK51652.1	36.620	71	37	3	749	812	160	229	5.5	23.5
OPPBIMDH_03603	BCK51634.1	34.783	46	25	1	759	804	100	140	7.0	23.1
OPPBIMDH_03604	BCK51646.1	97.845	2645	55	1	1	2645	1005	3647	0.0	5048
OPPBIMDH_03604	BCK51646.1	50.835	1796	845	18	793	2570	21	1796	0.0	1451
OPPBIMDH_03604	BCK51641.1	49.421	2590	1197	39	1	2565	4311	6812	0.0	1984
OPPBIMDH_03604	BCK51641.1	47.803	2617	1237	44	1	2580	2560	5084	0.0	1876
OPPBIMDH_03604	BCK51641.1	46.444	2278	1122	33	334	2569	1104	3325	0.0	1577
OPPBIMDH_03604	BCK51641.1	50.498	1707	783	23	1	1690	6056	7717	0.0	1387
OPPBIMDH_03604	BCK51641.1	46.134	1513	713	30	234	1683	7779	9252	0.0	959
OPPBIMDH_03604	BCK51641.1	56.089	895	370	10	806	1685	35	921	0.0	825
OPPBIMDH_03604	BCK51641.1	37.400	623	320	27	1990	2572	7752	8344	1.47e-48	185
OPPBIMDH_03604	BCK51641.1	33.828	606	301	20	2062	2641	9397	9928	4.32e-46	177
OPPBIMDH_03604	BCK51641.1	33.155	374	193	9	428	787	9522	9852	6.31e-29	120
OPPBIMDH_03604	BCK51644.1	61.811	1888	680	20	334	2198	1097	2966	0.0	1922
OPPBIMDH_03604	BCK51644.1	53.091	906	406	11	804	1698	32	929	0.0	797
OPPBIMDH_03604	BCK51644.1	47.191	445	220	7	2205	2645	3295	3728	1.30e-96	343
OPPBIMDH_03604	BCK51644.1	49.296	426	195	5	431	850	3294	3704	7.36e-95	338
OPPBIMDH_03604	BCK51644.1	40.275	437	229	11	1	422	2549	2968	9.49e-59	219
OPPBIMDH_03604	BCK51644.1	42.950	461	247	11	2111	2560	1100	1555	4.64e-49	187
OPPBIMDH_03604	BCK51645.1	67.271	1378	416	11	337	1693	2625	3988	0.0	1625
OPPBIMDH_03604	BCK51645.1	53.713	1387	571	26	336	1698	1099	2438	0.0	1156
OPPBIMDH_03604	BCK51645.1	54.209	891	394	7	804	1685	33	918	0.0	796
OPPBIMDH_03604	BCK51645.1	44.776	536	257	12	2130	2645	4194	4710	1.88e-86	310
OPPBIMDH_03604	BCK51645.1	44.516	465	239	8	2111	2564	2625	3081	1.57e-77	281
OPPBIMDH_03604	BCK51645.1	42.857	518	273	10	283	786	4121	4629	1.82e-73	267
OPPBIMDH_03604	BCK51645.1	40.747	589	283	24	2004	2567	989	1536	3.79e-63	233
OPPBIMDH_03604	BCK51640.1	48.483	2176	1042	31	411	2565	3786	5903	0.0	1600
OPPBIMDH_03604	BCK51640.1	52.260	1814	773	34	411	2193	1714	3465	0.0	1469
OPPBIMDH_03604	BCK51640.1	49.826	1726	792	25	1	1701	5142	6818	0.0	1324
OPPBIMDH_03604	BCK51640.1	50.173	1441	630	24	804	2213	32	1415	0.0	1106
OPPBIMDH_03604	BCK51640.1	47.425	369	187	3	2197	2564	1720	2082	2.93e-80	290
OPPBIMDH_03604	BCK51640.1	38.319	595	325	13	2004	2569	6870	7451	5.27e-70	256
OPPBIMDH_03604	BCK51640.1	41.667	468	245	9	333	782	6985	7442	1.51e-65	241
OPPBIMDH_03604	BCK51640.1	40.470	383	197	8	1	382	3071	3423	1.44e-59	222
OPPBIMDH_03604	BCK51640.1	39.540	435	223	13	1	428	1005	1406	7.21e-54	203
OPPBIMDH_03604	BCK51633.1	49.868	1901	875	29	319	2198	2354	4197	0.0	1451
OPPBIMDH_03604	BCK51633.1	44.844	1949	960	28	659	2569	941	2812	0.0	1198
OPPBIMDH_03604	BCK51633.1	48.946	427	210	4	2220	2644	4541	4961	1.03e-100	357
OPPBIMDH_03604	BCK51633.1	52.125	353	163	3	447	795	4541	4891	5.51e-88	315
OPPBIMDH_03604	BCK51633.1	45.902	122	62	2	2456	2574	974	1094	1.00e-15	77.0
OPPBIMDH_03604	BCK51637.1	48.514	1884	863	35	806	2645	34	1854	0.0	1420
OPPBIMDH_03604	BCK51637.1	48.864	792	362	17	1	782	1007	1765	2.10e-177	590
OPPBIMDH_03604	BCK51638.1	50.506	1780	812	27	804	2568	32	1757	0.0	1348
OPPBIMDH_03604	BCK51638.1	51.746	1718	748	28	1	1690	997	2661	0.0	1340
OPPBIMDH_03604	BCK51638.1	49.024	1383	649	24	335	1690	2831	4184	0.0	1021
OPPBIMDH_03604	BCK51638.1	49.202	1378	648	21	336	1687	4346	5697	0.0	993
OPPBIMDH_03604	BCK51638.1	42.431	469	242	10	2109	2564	2831	3284	1.24e-75	275
OPPBIMDH_03604	BCK51638.1	40.000	530	289	11	287	800	5831	6347	6.70e-62	229
OPPBIMDH_03604	BCK51638.1	39.674	552	306	14	2110	2645	5876	6416	1.28e-61	228
OPPBIMDH_03604	BCK51638.1	41.595	464	248	11	2108	2556	4344	4799	5.24e-56	210
OPPBIMDH_03604	BCK51643.1	49.282	1810	827	34	800	2564	28	1791	0.0	1346
OPPBIMDH_03604	BCK51643.1	52.498	1501	649	20	1	1476	1013	2474	0.0	1251
OPPBIMDH_03604	BCK51643.1	48.017	1387	660	23	341	1683	2792	4161	0.0	950
OPPBIMDH_03604	BCK51643.1	37.862	552	313	11	2111	2645	4343	4881	5.41e-59	219
OPPBIMDH_03604	BCK51643.1	37.872	639	343	24	2044	2645	2722	3343	6.13e-52	196
OPPBIMDH_03604	BCK51643.1	39.009	464	262	10	337	786	4343	4799	3.45e-51	194
OPPBIMDH_03604	BCK51643.1	35.664	143	88	2	1548	1688	2467	2607	7.56e-11	60.8
OPPBIMDH_03604	BCK51643.1	46.341	41	21	1	1493	1532	4245	4285	3.2	25.8
OPPBIMDH_03604	BCK51647.1	75.028	901	211	2	799	1685	26	926	0.0	1301
OPPBIMDH_03604	BCK51647.1	42.939	524	281	9	2131	2645	1150	1664	6.14e-89	316
OPPBIMDH_03604	BCK51647.1	44.252	461	239	6	340	787	1132	1587	7.60e-81	290
OPPBIMDH_03604	BCK51648.1	76.984	882	203	0	806	1687	34	915	0.0	1276
OPPBIMDH_03604	BCK51648.1	50.430	1394	635	19	341	1687	1054	2438	0.0	1033
OPPBIMDH_03604	BCK51648.1	37.956	685	356	24	1996	2637	2492	3150	1.59e-69	254
OPPBIMDH_03604	BCK51648.1	41.093	494	263	13	308	786	2601	3081	2.10e-65	241
OPPBIMDH_03604	BCK51648.1	42.029	483	241	12	2111	2560	1050	1526	1.23e-64	238
OPPBIMDH_03604	BCK51642.1	56.365	1139	448	16	337	1448	1100	2216	0.0	994
OPPBIMDH_03604	BCK51642.1	53.575	909	389	11	804	1687	19	919	0.0	798
OPPBIMDH_03604	BCK51642.1	43.767	1131	579	17	1544	2643	2237	3341	0.0	694
OPPBIMDH_03604	BCK51642.1	46.326	803	385	13	1	782	2480	3257	3.27e-161	553
OPPBIMDH_03604	BCK51642.1	40.456	482	267	13	2111	2583	1100	1570	1.25e-60	225
OPPBIMDH_03604	BCK51649.1	52.737	895	400	10	806	1687	35	919	0.0	788
OPPBIMDH_03604	BCK51649.1	34.658	453	240	15	2132	2564	1114	1530	6.38e-25	107
OPPBIMDH_03604	BCK51649.1	33.115	459	253	14	356	790	1111	1539	7.98e-23	100
OPPBIMDH_03604	BCK51629.1	30.612	49	34	0	736	784	739	787	0.38	28.9
OPPBIMDH_03604	BCK51635.1	29.851	67	41	2	2200	2260	73	139	1.1	26.9
OPPBIMDH_03604	BCK51663.1	48.276	29	8	1	399	427	82	103	3.2	24.6
OPPBIMDH_03604	BCK51619.1	35.849	53	33	1	2231	2283	25	76	5.3	24.6
OPPBIMDH_03604	BCK51673.1	44.000	25	14	0	781	805	299	323	6.5	24.6
OPPBIMDH_03604	BCK51634.1	30.233	43	30	0	34	76	65	107	7.0	24.6
OPPBIMDH_03605	BCK51647.1	97.596	1664	40	0	1	1664	1	1664	0.0	3213
OPPBIMDH_03605	BCK51645.1	61.731	1641	593	13	31	1664	3098	4710	0.0	1790
OPPBIMDH_03605	BCK51645.1	55.198	1587	660	14	18	1586	1528	3081	0.0	1522
OPPBIMDH_03605	BCK51645.1	48.220	1601	732	25	1	1583	1	1522	0.0	1177
OPPBIMDH_03605	BCK51648.1	61.146	1606	517	13	2	1582	3	1526	0.0	1719
OPPBIMDH_03605	BCK51648.1	49.394	1567	737	19	37	1586	1554	3081	0.0	1231
OPPBIMDH_03605	BCK51644.1	75.446	896	208	2	31	926	1577	2460	0.0	1308
OPPBIMDH_03605	BCK51644.1	47.401	1597	782	15	3	1584	4	1557	0.0	1180
OPPBIMDH_03605	BCK51644.1	42.984	449	228	11	1229	1664	3295	3728	8.78e-73	263
OPPBIMDH_03605	BCK51644.1	35.385	65	37	2	1149	1213	2897	2956	3.6	25.0
OPPBIMDH_03605	BCK51638.1	49.936	1568	716	21	33	1586	1772	3284	0.0	1295
OPPBIMDH_03605	BCK51638.1	46.999	1666	793	26	22	1664	4818	6416	0.0	1159
OPPBIMDH_03605	BCK51638.1	46.883	1572	750	26	33	1586	3303	4807	0.0	1118
OPPBIMDH_03605	BCK51638.1	54.194	930	396	9	2	925	3	908	0.0	862
OPPBIMDH_03605	BCK51638.1	45.336	461	207	11	1149	1589	1321	1756	1.29e-62	230
OPPBIMDH_03605	BCK51646.1	75.139	901	208	3	26	926	1803	2687	0.0	1295
OPPBIMDH_03605	BCK51646.1	53.814	944	398	9	1	930	1	920	0.0	832
OPPBIMDH_03605	BCK51646.1	42.286	525	285	8	1149	1664	3132	3647	2.64e-92	326
OPPBIMDH_03605	BCK51646.1	43.818	461	241	6	1132	1587	1344	1791	1.46e-79	285
OPPBIMDH_03605	BCK51641.1	50.248	1616	737	20	2	1596	4	1573	0.0	1274
OPPBIMDH_03605	BCK51641.1	48.028	1572	731	24	33	1586	6831	8334	0.0	1209
OPPBIMDH_03605	BCK51641.1	44.283	1653	816	28	33	1660	8356	9928	0.0	1059
OPPBIMDH_03605	BCK51641.1	53.653	917	390	12	20	924	5072	5965	0.0	850
OPPBIMDH_03605	BCK51641.1	54.045	927	397	12	8	925	3315	4221	0.0	839
OPPBIMDH_03605	BCK51641.1	52.637	910	405	11	31	929	1581	2475	0.0	822
OPPBIMDH_03605	BCK51641.1	41.053	475	237	8	1132	1587	6362	6812	1.13e-71	260
OPPBIMDH_03605	BCK51641.1	39.388	490	246	8	1132	1598	4618	5079	2.42e-66	243
OPPBIMDH_03605	BCK51641.1	40.169	473	243	10	1132	1587	2872	3321	4.09e-59	219
OPPBIMDH_03605	BCK51641.1	32.143	140	75	6	1035	1156	3007	3144	1.5	26.2
OPPBIMDH_03605	BCK51640.1	49.776	1561	733	16	33	1582	5922	7442	0.0	1264
OPPBIMDH_03605	BCK51640.1	54.536	915	381	10	20	924	2091	2980	0.0	882
OPPBIMDH_03605	BCK51640.1	52.733	933	408	11	3	924	4	914	0.0	842
OPPBIMDH_03605	BCK51640.1	52.169	899	402	9	33	924	4174	5051	0.0	773
OPPBIMDH_03605	BCK51640.1	40.781	461	258	7	1132	1587	5453	5903	2.42e-67	246
OPPBIMDH_03605	BCK51640.1	43.734	391	202	8	1208	1592	3782	4160	4.30e-64	235
OPPBIMDH_03605	BCK51640.1	42.821	390	195	9	1208	1586	1710	2082	2.75e-62	229
OPPBIMDH_03605	BCK51640.1	39.450	109	58	5	1132	1237	1312	1415	2.27e-04	38.9
OPPBIMDH_03605	BCK51640.1	37.097	62	39	0	1537	1598	4970	5031	0.94	26.9
OPPBIMDH_03605	BCK51640.1	31.633	98	61	3	668	761	2020	2115	4.9	24.6
OPPBIMDH_03605	BCK51642.1	48.799	1582	764	23	13	1582	1	1548	0.0	1201
OPPBIMDH_03605	BCK51642.1	64.511	665	226	4	25	689	1562	2216	0.0	743
OPPBIMDH_03605	BCK51642.1	39.187	541	307	10	1132	1662	2813	3341	3.05e-79	284
OPPBIMDH_03605	BCK51642.1	46.032	189	78	3	785	949	2237	2425	1.38e-27	115
OPPBIMDH_03605	BCK51643.1	47.155	1652	819	22	33	1664	3264	4881	0.0	1194
OPPBIMDH_03605	BCK51643.1	52.188	937	414	12	9	929	10	928	0.0	808
OPPBIMDH_03605	BCK51643.1	60.714	672	244	5	30	700	1808	2460	0.0	721
OPPBIMDH_03605	BCK51643.1	43.387	809	425	14	789	1590	2467	3249	3.07e-143	485
OPPBIMDH_03605	BCK51643.1	41.810	464	247	8	1132	1586	1342	1791	4.04e-69	251
OPPBIMDH_03605	BCK51649.1	45.844	1588	736	31	32	1586	34	1530	0.0	1042
OPPBIMDH_03605	BCK51633.1	52.582	949	399	10	33	964	2825	3739	0.0	868
OPPBIMDH_03605	BCK51633.1	50.520	962	429	16	33	971	1103	2040	0.0	750
OPPBIMDH_03605	BCK51633.1	39.252	428	244	6	1244	1663	4542	4961	1.32e-67	246
OPPBIMDH_03605	BCK51633.1	38.889	450	241	11	1148	1586	2381	2807	1.02e-42	165
OPPBIMDH_03605	BCK51633.1	51.163	86	42	0	1496	1581	991	1076	6.95e-15	73.6
OPPBIMDH_03605	BCK51633.1	33.077	130	74	4	1103	1224	4074	4198	0.011	33.1
OPPBIMDH_03605	BCK51637.1	51.688	948	412	12	2	930	3	923	0.0	830
OPPBIMDH_03605	BCK51637.1	43.371	528	271	10	1153	1664	1339	1854	1.74e-92	326
OPPBIMDH_03605	BCK51628.1	35.821	67	40	1	1516	1582	726	789	0.18	29.3
OPPBIMDH_03605	BCK51629.1	29.213	89	45	2	1494	1582	715	785	1.4	26.2
OPPBIMDH_03605	BCK51650.1	43.750	32	13	1	165	196	16	42	9.1	23.5
OPPBIMDH_03606	BCK51648.1	98.736	3165	39	1	1	3164	1	3165	0.0	6080
OPPBIMDH_03606	BCK51645.1	51.465	3173	1366	47	19	3084	1528	4633	0.0	2560
OPPBIMDH_03606	BCK51645.1	49.355	3177	1416	42	1	3080	1	3081	0.0	2402
OPPBIMDH_03606	BCK51645.1	56.758	1561	617	21	1547	3097	33	1545	0.0	1437
OPPBIMDH_03606	BCK51638.1	51.329	3160	1368	43	7	3087	1745	4813	0.0	2524
OPPBIMDH_03606	BCK51638.1	50.991	3128	1359	44	34	3080	3303	6337	0.0	2437
OPPBIMDH_03606	BCK51638.1	50.632	2056	916	31	1054	3083	1305	3287	0.0	1576
OPPBIMDH_03606	BCK51638.1	60.280	929	349	8	1523	2445	5	919	0.0	960
OPPBIMDH_03606	BCK51638.1	52.998	934	420	9	1	925	1	924	0.0	820
OPPBIMDH_03606	BCK51638.1	42.765	463	244	9	2622	3076	1300	1749	5.13e-52	197
OPPBIMDH_03606	BCK51641.1	49.841	3142	1360	49	34	3080	6831	9851	0.0	2380
OPPBIMDH_03606	BCK51641.1	54.705	2508	1024	27	3	2436	4	2473	0.0	2229
OPPBIMDH_03606	BCK51641.1	53.030	2063	874	30	1050	3092	6359	8346	0.0	1742
OPPBIMDH_03606	BCK51641.1	60.013	1553	576	17	1549	3080	35	1563	0.0	1561
OPPBIMDH_03606	BCK51641.1	58.621	1392	535	11	1047	2434	4612	5966	0.0	1389
OPPBIMDH_03606	BCK51641.1	56.456	1394	555	14	1050	2433	2869	4220	0.0	1281
OPPBIMDH_03606	BCK51641.1	55.906	889	375	9	34	912	5085	5966	0.0	837
OPPBIMDH_03606	BCK51641.1	54.994	891	380	10	34	911	3338	4220	0.0	793
OPPBIMDH_03606	BCK51641.1	40.987	527	282	11	2566	3080	6302	6811	2.66e-69	254
OPPBIMDH_03606	BCK51641.1	40.295	474	260	7	2616	3080	4608	5067	7.38e-61	226
OPPBIMDH_03606	BCK51641.1	40.381	473	254	9	2619	3080	2865	3320	4.69e-55	207
OPPBIMDH_03606	BCK51641.1	43.902	41	21	1	513	551	4826	4866	1.7	26.9
OPPBIMDH_03606	BCK51641.1	41.463	41	22	1	513	551	6569	6609	4.4	25.8
OPPBIMDH_03606	BCK51641.1	40.000	70	30	6	397	457	5923	5989	8.2	24.6
OPPBIMDH_03606	BCK51644.1	51.731	2513	1086	31	1	2437	1	2462	0.0	1967
OPPBIMDH_03606	BCK51644.1	58.221	1551	614	13	1545	3081	30	1560	0.0	1484
OPPBIMDH_03606	BCK51644.1	44.504	373	193	7	1166	1534	3292	3654	2.22e-59	221
OPPBIMDH_03606	BCK51644.1	42.820	383	179	9	2717	3080	3288	3649	4.42e-56	210
OPPBIMDH_03606	BCK51644.1	40.476	84	45	3	2622	2705	2876	2954	5.84e-04	38.5
OPPBIMDH_03606	BCK51644.1	42.188	64	35	2	1035	1097	2861	2923	0.20	30.0
OPPBIMDH_03606	BCK51640.1	54.288	2087	880	23	1047	3113	5447	7479	0.0	1817
OPPBIMDH_03606	BCK51640.1	56.682	1272	526	12	1169	2434	3800	5052	0.0	1192
OPPBIMDH_03606	BCK51640.1	49.621	1584	684	24	34	1550	5922	7458	0.0	1169
OPPBIMDH_03606	BCK51640.1	53.052	1278	564	13	1169	2434	1728	2981	0.0	1103
OPPBIMDH_03606	BCK51640.1	65.406	899	297	5	1546	2439	31	920	0.0	1086
OPPBIMDH_03606	BCK51640.1	56.081	888	373	8	34	912	2102	2981	0.0	871
OPPBIMDH_03606	BCK51640.1	53.913	920	411	7	1	912	1	915	0.0	845
OPPBIMDH_03606	BCK51640.1	53.664	887	397	9	34	913	4174	5053	0.0	756
OPPBIMDH_03606	BCK51640.1	42.895	373	191	10	2717	3080	1723	2082	5.30e-52	197
OPPBIMDH_03606	BCK51640.1	41.398	372	198	8	2717	3080	3795	4154	1.52e-48	186
OPPBIMDH_03606	BCK51640.1	41.000	100	55	3	2619	2717	1305	1401	2.01e-05	43.1
OPPBIMDH_03606	BCK51640.1	35.922	103	51	2	1047	1149	1306	1393	0.001	37.0
OPPBIMDH_03606	BCK51640.1	30.769	65	36	2	2759	2814	238	302	3.9	25.8
OPPBIMDH_03606	BCK51643.1	49.462	2418	1077	32	776	3112	2467	4820	0.0	1805
OPPBIMDH_03606	BCK51643.1	46.831	1578	716	25	34	1529	3264	4800	0.0	1074
OPPBIMDH_03606	BCK51643.1	65.033	898	307	4	1545	2436	30	926	0.0	1073
OPPBIMDH_03606	BCK51643.1	52.595	1156	507	13	1047	2197	1336	2455	0.0	946
OPPBIMDH_03606	BCK51643.1	52.043	930	426	9	1	914	1	926	0.0	786
OPPBIMDH_03606	BCK51643.1	62.137	655	242	3	34	687	1811	2460	0.0	699
OPPBIMDH_03606	BCK51643.1	45.055	819	415	17	2280	3088	2456	3249	2.47e-134	468
OPPBIMDH_03606	BCK51643.1	39.411	543	288	14	2566	3080	1262	1791	9.32e-66	242
OPPBIMDH_03606	BCK51643.1	32.584	89	48	2	465	551	1512	1590	2.2	26.6
OPPBIMDH_03606	BCK51642.1	50.701	2282	955	34	14	2191	1	2216	0.0	1750
OPPBIMDH_03606	BCK51642.1	57.417	1564	606	18	1545	3078	17	1550	0.0	1515
OPPBIMDH_03606	BCK51642.1	41.393	488	247	9	1048	1529	2808	3262	7.34e-71	259
OPPBIMDH_03606	BCK51642.1	39.666	479	247	12	2622	3082	2809	3263	3.55e-56	211
OPPBIMDH_03606	BCK51642.1	51.634	153	61	1	772	911	2237	2389	2.84e-27	115
OPPBIMDH_03606	BCK51642.1	43.478	46	24	1	2390	2435	2348	2391	0.002	36.2
OPPBIMDH_03606	BCK51647.1	59.825	1603	542	12	3	1525	2	1582	0.0	1703
OPPBIMDH_03606	BCK51647.1	49.081	1577	743	20	1545	3080	29	1586	0.0	1213
OPPBIMDH_03606	BCK51646.1	77.211	882	199	1	34	915	1810	2689	0.0	1285
OPPBIMDH_03606	BCK51646.1	50.432	1390	638	16	1054	2437	1345	2689	0.0	1070
OPPBIMDH_03606	BCK51646.1	66.405	893	292	5	1545	2435	30	916	0.0	1040
OPPBIMDH_03606	BCK51646.1	56.304	920	389	7	1	912	1	915	0.0	841
OPPBIMDH_03606	BCK51646.1	42.489	466	219	9	1072	1525	3134	3562	2.68e-69	254
OPPBIMDH_03606	BCK51646.1	38.699	615	316	21	2568	3149	3053	3639	2.95e-65	241
OPPBIMDH_03606	BCK51646.1	40.365	493	268	11	2600	3080	1312	1790	1.77e-63	234
OPPBIMDH_03606	BCK51649.1	51.099	1593	708	24	1549	3123	35	1574	0.0	1263
OPPBIMDH_03606	BCK51649.1	55.045	892	384	10	34	915	35	919	0.0	806
OPPBIMDH_03606	BCK51633.1	50.792	1199	559	12	1249	2436	2532	3710	0.0	985
OPPBIMDH_03606	BCK51633.1	59.608	1020	383	12	1440	2441	992	2000	0.0	960
OPPBIMDH_03606	BCK51633.1	57.528	890	365	6	34	914	2825	3710	0.0	899
OPPBIMDH_03606	BCK51633.1	51.819	907	399	11	34	914	1103	1997	0.0	733
OPPBIMDH_03606	BCK51633.1	45.378	357	183	5	1192	1546	4550	4896	4.36e-62	230
OPPBIMDH_03606	BCK51633.1	40.857	350	188	6	2739	3080	4544	4882	2.14e-48	185
OPPBIMDH_03606	BCK51633.1	39.913	461	249	10	2627	3081	2370	2808	2.42e-39	155
OPPBIMDH_03606	BCK51633.1	43.119	109	58	2	2968	3075	971	1076	8.26e-11	61.2
OPPBIMDH_03606	BCK51633.1	33.333	147	75	6	2530	2661	4008	4146	0.034	32.7
OPPBIMDH_03606	BCK51633.1	37.778	90	41	4	1007	1088	4064	4146	0.081	31.2
OPPBIMDH_03606	BCK51637.1	59.156	901	343	11	1545	2433	30	917	0.0	946
OPPBIMDH_03606	BCK51637.1	52.366	930	411	10	1	911	1	917	0.0	806
OPPBIMDH_03606	BCK51637.1	42.531	482	232	13	1054	1525	1319	1765	2.95e-68	249
OPPBIMDH_03606	BCK51637.1	38.840	569	309	16	2530	3076	1214	1765	1.56e-64	237
OPPBIMDH_03606	BCK51628.1	36.207	58	34	1	3016	3073	732	786	1.3	27.3
OPPBIMDH_03607	BCK51649.1	96.990	1827	47	2	1	1827	1	1819	0.0	3424
OPPBIMDH_03607	BCK51641.1	52.645	1588	662	23	1	1527	1	1559	0.0	1290
OPPBIMDH_03607	BCK51641.1	51.154	1603	702	25	35	1605	6831	8384	0.0	1281
OPPBIMDH_03607	BCK51641.1	50.946	1533	679	23	35	1531	8356	9851	0.0	1170
OPPBIMDH_03607	BCK51641.1	61.173	904	343	5	17	916	5067	5966	0.0	1010
OPPBIMDH_03607	BCK51641.1	60.044	906	350	6	17	915	3320	4220	0.0	959
OPPBIMDH_03607	BCK51641.1	59.399	899	345	9	35	920	1583	2474	0.0	944
OPPBIMDH_03607	BCK51641.1	35.917	529	261	17	1094	1577	6361	6856	3.32e-39	154
OPPBIMDH_03607	BCK51641.1	36.157	484	233	13	1094	1533	2871	3322	6.77e-36	143
OPPBIMDH_03607	BCK51641.1	36.364	495	218	17	1094	1533	4617	5069	9.88e-36	142
OPPBIMDH_03607	BCK51641.1	29.054	148	92	6	1548	1687	561	703	7.6	23.9
OPPBIMDH_03607	BCK51642.1	51.720	1570	687	20	18	1534	4	1555	0.0	1266
OPPBIMDH_03607	BCK51642.1	58.621	667	235	11	35	680	1570	2216	0.0	611
OPPBIMDH_03607	BCK51642.1	34.884	473	250	13	1095	1532	2813	3262	8.03e-34	135
OPPBIMDH_03607	BCK51642.1	71.429	14	4	0	902	915	2376	2389	0.12	30.0
OPPBIMDH_03607	BCK51648.1	51.974	1545	675	23	39	1532	1554	3082	0.0	1253
OPPBIMDH_03607	BCK51648.1	45.477	1603	722	33	4	1532	6	1530	0.0	965
OPPBIMDH_03607	BCK51640.1	52.129	1550	690	20	35	1544	5922	7459	0.0	1250
OPPBIMDH_03607	BCK51640.1	61.642	889	329	7	35	917	34	916	0.0	986
OPPBIMDH_03607	BCK51640.1	60.045	891	343	7	31	916	4170	5052	0.0	947
OPPBIMDH_03607	BCK51640.1	54.102	902	384	9	29	916	2096	2981	0.0	811
OPPBIMDH_03607	BCK51640.1	35.234	491	251	15	1094	1544	5452	5915	9.11e-37	145
OPPBIMDH_03607	BCK51640.1	37.092	337	189	5	1212	1538	1766	2089	1.12e-30	125
OPPBIMDH_03607	BCK51640.1	40.146	274	150	7	1274	1539	3894	4161	2.88e-27	114
OPPBIMDH_03607	BCK51640.1	37.500	88	45	4	1094	1176	1311	1393	1.1	26.9
OPPBIMDH_03607	BCK51640.1	40.000	50	29	1	1482	1531	4970	5018	1.4	26.6
OPPBIMDH_03607	BCK51644.1	52.255	1552	698	20	20	1535	19	1563	0.0	1243
OPPBIMDH_03607	BCK51644.1	53.675	898	389	10	35	919	1579	2462	0.0	795
OPPBIMDH_03607	BCK51644.1	34.635	384	202	11	1187	1539	3292	3657	3.82e-28	117
OPPBIMDH_03607	BCK51644.1	34.694	98	53	2	1096	1187	2881	2973	0.68	27.3
OPPBIMDH_03607	BCK51638.1	51.163	1548	684	29	33	1536	1770	3289	0.0	1204
OPPBIMDH_03607	BCK51638.1	50.351	1565	710	25	8	1531	4799	6337	0.0	1193
OPPBIMDH_03607	BCK51638.1	49.202	1567	720	24	10	1534	3278	4810	0.0	1179
OPPBIMDH_03607	BCK51638.1	61.105	905	331	10	19	918	22	910	0.0	977
OPPBIMDH_03607	BCK51638.1	38.074	457	250	9	1094	1527	1303	1749	2.04e-33	134
OPPBIMDH_03607	BCK51643.1	48.843	1556	725	21	32	1532	3261	4800	0.0	1176
OPPBIMDH_03607	BCK51643.1	59.676	925	356	8	7	918	6	926	0.0	981
OPPBIMDH_03607	BCK51643.1	66.192	562	180	5	35	593	1811	2365	0.0	697
OPPBIMDH_03607	BCK51643.1	41.014	690	374	10	874	1533	2561	3247	4.80e-88	313
OPPBIMDH_03607	BCK51643.1	35.464	485	232	16	1094	1531	1341	1791	4.14e-33	133
OPPBIMDH_03607	BCK51643.1	32.051	78	36	4	1683	1760	4619	4679	5.6	24.3
OPPBIMDH_03607	BCK51645.1	50.425	1529	692	24	35	1533	35	1527	0.0	1170
OPPBIMDH_03607	BCK51645.1	47.601	1563	733	27	35	1533	1543	3083	0.0	1107
OPPBIMDH_03607	BCK51645.1	47.081	1559	748	29	35	1538	3100	4636	0.0	1036
OPPBIMDH_03607	BCK51647.1	45.539	1614	766	29	3	1531	1	1586	0.0	1053
OPPBIMDH_03607	BCK51646.1	59.563	915	362	5	7	917	6	916	0.0	956
OPPBIMDH_03607	BCK51646.1	53.423	891	398	9	35	919	1810	2689	0.0	776
OPPBIMDH_03607	BCK51646.1	35.789	475	243	16	1095	1531	3116	3566	1.94e-31	128
OPPBIMDH_03607	BCK51646.1	33.543	477	256	15	1095	1538	1344	1792	4.32e-29	120
OPPBIMDH_03607	BCK51637.1	58.107	919	358	11	12	915	11	917	0.0	931
OPPBIMDH_03607	BCK51637.1	34.664	476	244	13	1094	1528	1317	1766	1.60e-31	128
OPPBIMDH_03607	BCK51633.1	61.265	901	329	9	35	920	1103	1998	0.0	924
OPPBIMDH_03607	BCK51633.1	52.222	900	410	8	30	918	2820	3710	0.0	790
OPPBIMDH_03607	BCK51633.1	40.659	273	139	4	1277	1536	2550	2812	2.15e-31	128
OPPBIMDH_03607	BCK51633.1	38.290	269	147	5	1274	1531	4622	4882	1.98e-27	115
OPPBIMDH_03607	BCK51633.1	52.041	98	47	0	1429	1526	979	1076	3.93e-17	81.3
OPPBIMDH_03607	BCK51633.1	37.209	86	49	2	1092	1177	4108	4188	0.001	36.6
OPPBIMDH_03607	BCK51633.1	44.444	27	15	0	1670	1696	3441	3467	8.2	23.9
OPPBIMDH_03607	BCK51629.1	35.227	88	42	2	1161	1240	257	337	0.68	27.3
OPPBIMDH_03607	BCK51636.1	31.000	100	63	4	1603	1700	18	113	5.2	24.3
OPPBIMDH_03607	BCK51666.1	36.735	49	30	1	993	1040	335	383	7.2	23.9
OPPBIMDH_03607	BCK51666.1	29.358	109	66	4	709	808	579	685	7.3	23.9
OPPBIMDH_03607	BCK51634.1	32.530	83	37	2	1197	1274	100	168	9.9	23.5
OPPBIMDH_03608	BCK51650.1	99.143	350	3	0	1	350	1	350	0.0	696
OPPBIMDH_03608	BCK51660.1	33.528	343	180	7	5	347	4	298	2.34e-48	159
OPPBIMDH_03608	BCK51647.1	43.750	32	13	1	16	42	165	196	1.7	23.5
OPPBIMDH_03608	BCK51640.1	30.263	76	46	2	32	100	6191	6266	1.9	23.5
OPPBIMDH_03608	BCK51643.1	36.207	58	24	3	165	217	1914	1963	2.1	23.1
OPPBIMDH_03608	BCK51643.1	28.947	76	47	2	32	100	2081	2156	6.5	21.6
OPPBIMDH_03608	BCK51653.1	35.593	59	21	2	37	85	36	87	4.8	21.9
OPPBIMDH_03608	BCK51648.1	28.889	90	43	5	221	296	885	967	5.8	21.9
OPPBIMDH_03608	BCK51641.1	30.120	83	37	3	32	100	5355	5430	7.2	21.6
OPPBIMDH_03608	BCK51641.1	28.947	76	47	2	32	100	306	381	7.6	21.6
OPPBIMDH_03608	BCK51641.1	28.947	76	47	2	32	100	1851	1926	7.6	21.6
OPPBIMDH_03608	BCK51641.1	28.916	83	38	3	32	100	3608	3683	10.0	21.2
OPPBIMDH_03609	BCK51651.1	99.612	258	1	0	22	279	2	259	0.0	505
OPPBIMDH_03609	BCK51645.1	41.935	31	18	0	249	279	141	171	1.6	23.1
OPPBIMDH_03609	BCK51643.1	46.154	13	7	0	214	226	2492	2504	5.5	21.6
OPPBIMDH_03610	BCK51652.1	98.085	940	18	0	1	940	1	940	0.0	1805
OPPBIMDH_03610	BCK51653.1	37.431	903	547	7	27	924	33	922	5.83e-145	448
OPPBIMDH_03610	BCK51642.1	50.000	34	16	1	196	229	781	813	0.27	27.7
OPPBIMDH_03610	BCK51632.1	42.222	45	26	0	819	863	59	103	0.35	26.9
OPPBIMDH_03610	BCK51645.1	34.667	75	41	3	156	229	746	813	0.88	26.2
OPPBIMDH_03610	BCK51638.1	29.464	112	68	4	16	119	693	801	1.1	25.8
OPPBIMDH_03610	BCK51640.1	44.118	34	18	1	196	229	780	812	3.5	24.3
OPPBIMDH_03610	BCK51644.1	28.421	95	61	3	276	370	1251	1338	6.3	23.1
OPPBIMDH_03611	BCK51653.1	98.002	951	19	0	1	951	2	952	0.0	1820
OPPBIMDH_03611	BCK51652.1	37.431	903	547	7	32	921	27	924	1.96e-148	457
OPPBIMDH_03611	BCK51660.1	33.333	66	42	2	882	946	104	168	0.034	30.4
OPPBIMDH_03611	BCK51641.1	32.955	88	44	4	298	385	8932	9004	0.79	26.2
OPPBIMDH_03611	BCK51641.1	52.381	21	10	0	288	308	2672	2692	2.5	24.6
OPPBIMDH_03611	BCK51638.1	47.826	23	12	0	605	627	4793	4815	1.6	25.4
OPPBIMDH_03611	BCK51637.1	35.065	77	39	4	296	366	1126	1197	3.9	23.9
OPPBIMDH_03611	BCK51642.1	29.630	54	33	1	884	937	3211	3259	6.7	23.1
OPPBIMDH_03612	BCK51655.1	97.817	458	9	1	1	458	1	457	0.0	852
OPPBIMDH_03612	BCK51658.1	49.578	474	219	6	1	458	1	470	1.73e-131	382
OPPBIMDH_03612	BCK51633.1	35.437	206	116	7	263	457	310	509	1.37e-22	94.7
OPPBIMDH_03612	BCK51629.1	26.957	460	277	17	41	458	260	702	5.70e-14	67.4
OPPBIMDH_03612	BCK51628.1	25.727	447	265	18	54	454	277	702	3.46e-12	61.6
OPPBIMDH_03612	BCK51652.1	37.681	69	32	4	303	370	637	695	0.56	25.4
OPPBIMDH_03612	BCK51619.1	30.000	90	57	3	184	267	28	117	0.68	25.0
OPPBIMDH_03612	BCK51642.1	45.238	42	20	1	367	408	2170	2208	2.0	23.9
OPPBIMDH_03612	BCK51645.1	51.724	29	11	1	380	408	2149	2174	5.0	22.3
OPPBIMDH_03612	BCK51643.1	36.000	50	27	2	381	428	3892	3938	6.9	21.9
OPPBIMDH_03612	BCK51669.1	47.619	21	11	0	393	413	33	53	7.0	20.4
OPPBIMDH_03612	BCK51641.1	43.243	37	20	1	265	301	4553	4588	7.3	21.9
OPPBIMDH_03613	BCK51656.1	86.667	165	2	1	1	165	1	145	1.36e-97	272
OPPBIMDH_03613	BCK51654.1	59.259	27	10	1	73	98	46	72	0.060	25.4
OPPBIMDH_03613	BCK51632.1	31.915	47	32	0	66	112	125	171	1.8	21.9
OPPBIMDH_03613	BCK51633.1	44.444	27	13	1	135	161	3466	3490	3.4	21.2
OPPBIMDH_03613	BCK51666.1	42.424	33	18	1	47	78	682	714	3.5	21.2
OPPBIMDH_03613	BCK51648.1	36.667	30	19	0	80	109	1990	2019	3.8	21.2
OPPBIMDH_03613	BCK51634.1	41.667	24	14	0	1	24	401	424	5.1	20.4
OPPBIMDH_03613	BCK51645.1	48.000	25	8	2	118	142	1251	1270	6.9	20.4
OPPBIMDH_03613	BCK51639.1	25.581	86	54	2	18	95	97	180	8.8	19.6
OPPBIMDH_03613	BCK51647.1	40.000	25	14	1	56	80	1486	1509	9.1	19.6
OPPBIMDH_03614	BCK51657.1	97.380	229	6	0	1	229	1	229	6.02e-161	438
OPPBIMDH_03614	BCK51640.1	35.185	54	23	3	33	78	6736	6785	0.73	23.9
OPPBIMDH_03614	BCK51643.1	34.667	75	42	2	121	188	168	242	3.9	21.6
OPPBIMDH_03614	BCK51658.1	29.167	144	81	6	98	226	147	284	4.6	21.2
OPPBIMDH_03614	BCK51638.1	29.268	82	40	3	24	87	717	798	5.0	21.2
OPPBIMDH_03614	BCK51649.1	27.500	120	59	3	24	115	723	842	5.5	21.2
OPPBIMDH_03614	BCK51644.1	56.250	16	7	0	186	201	2980	2995	7.4	20.8
OPPBIMDH_03615	BCK51658.1	98.507	469	7	0	1	469	1	469	0.0	885
OPPBIMDH_03615	BCK51655.1	49.149	470	222	5	1	468	1	455	3.61e-129	376
OPPBIMDH_03615	BCK51633.1	32.787	488	283	16	17	466	26	506	1.54e-38	143
OPPBIMDH_03615	BCK51633.1	27.468	233	134	6	215	423	4660	4881	0.002	33.5
OPPBIMDH_03615	BCK51629.1	31.458	480	267	23	29	468	243	700	3.40e-24	99.4
OPPBIMDH_03615	BCK51628.1	28.834	489	294	22	15	466	231	702	3.50e-21	90.1
OPPBIMDH_03615	BCK51642.1	45.000	40	19	1	383	422	2174	2210	1.2	24.6
OPPBIMDH_03615	BCK51621.1	29.530	149	69	5	193	328	3	128	1.8	23.5
OPPBIMDH_03615	BCK51641.1	44.118	34	18	1	366	398	2082	2115	2.0	23.9
OPPBIMDH_03615	BCK51641.1	48.387	31	12	1	246	272	6286	6316	3.1	23.1
OPPBIMDH_03615	BCK51669.1	35.294	51	28	1	290	340	13	58	3.1	21.2
OPPBIMDH_03615	BCK51634.1	37.288	59	32	4	272	328	77	132	3.7	22.7
OPPBIMDH_03615	BCK51643.1	47.059	34	15	2	175	207	882	913	4.9	22.7
OPPBIMDH_03615	BCK51645.1	38.095	21	13	0	374	394	1599	1619	7.1	21.9
OPPBIMDH_03615	BCK51649.1	32.727	55	29	3	342	394	65	113	7.2	21.9
OPPBIMDH_03615	BCK51640.1	36.170	47	28	1	320	364	3444	3490	8.4	21.9
OPPBIMDH_03616	BCK51659.1	97.285	221	6	0	1	221	1	221	1.73e-149	408
OPPBIMDH_03616	BCK51626.1	58.654	208	86	0	12	219	20	227	1.41e-75	221
OPPBIMDH_03616	BCK51643.1	31.818	88	50	4	47	128	3839	3922	0.85	23.5
OPPBIMDH_03616	BCK51643.1	50.000	22	11	0	95	116	2901	2922	1.2	23.1
OPPBIMDH_03616	BCK51620.1	38.462	52	28	2	172	221	13	62	1.3	22.7
OPPBIMDH_03616	BCK51645.1	34.000	50	29	2	130	175	3478	3527	3.4	21.6
OPPBIMDH_03616	BCK51652.1	45.161	31	17	0	161	191	615	645	5.2	21.2
OPPBIMDH_03616	BCK51641.1	27.500	80	55	2	143	220	1332	1410	5.4	21.2
OPPBIMDH_03616	BCK51641.1	45.455	33	13	1	23	50	8134	8166	7.0	20.8
OPPBIMDH_03616	BCK51638.1	34.146	41	17	1	100	140	820	850	6.2	20.8
OPPBIMDH_03616	BCK51628.1	25.773	97	50	3	9	95	331	415	6.4	20.8
OPPBIMDH_03616	BCK51646.1	33.333	54	29	2	130	176	2190	2243	7.3	20.8
OPPBIMDH_03616	BCK51637.1	29.787	141	73	8	49	176	1122	1249	7.3	20.8
OPPBIMDH_03617	BCK51660.1	100.000	313	0	0	1	313	1	313	0.0	622
OPPBIMDH_03617	BCK51650.1	33.528	343	180	7	4	298	5	347	4.25e-48	158
OPPBIMDH_03617	BCK51653.1	31.818	66	43	2	104	168	883	947	0.27	25.8
OPPBIMDH_03617	BCK51645.1	35.714	56	32	3	29	84	2523	2574	0.34	25.4
OPPBIMDH_03617	BCK51641.1	35.897	39	17	1	190	228	8826	8856	1.6	23.5
OPPBIMDH_03617	BCK51638.1	29.348	92	53	4	196	285	2410	2491	1.8	23.1
OPPBIMDH_03617	BCK51638.1	43.243	37	15	1	261	297	1276	1306	6.0	21.6
OPPBIMDH_03617	BCK51638.1	80.000	10	2	0	152	161	4566	4575	8.6	21.2
OPPBIMDH_03617	BCK51638.1	80.000	10	2	0	152	161	6096	6105	8.6	21.2
OPPBIMDH_03617	BCK51644.1	27.368	95	53	3	211	298	2414	2499	1.9	23.1
OPPBIMDH_03617	BCK51644.1	34.783	46	23	2	99	137	933	978	4.5	21.9
OPPBIMDH_03617	BCK51639.1	35.714	56	28	3	141	188	144	199	3.0	22.3
OPPBIMDH_03617	BCK51643.1	29.268	82	36	3	142	213	2738	2807	3.3	22.3
OPPBIMDH_03617	BCK51643.1	37.143	35	20	1	191	225	499	531	6.3	21.6
OPPBIMDH_03617	BCK51647.1	32.609	46	27	1	85	126	494	539	5.2	21.6
OPPBIMDH_03617	BCK51648.1	31.746	63	34	2	253	307	2243	2304	5.8	21.6
OPPBIMDH_03617	BCK51618.1	24.490	49	37	0	207	255	410	458	6.4	21.6
OPPBIMDH_03617	BCK51637.1	27.586	87	53	3	201	285	673	751	7.3	21.2
OPPBIMDH_03618	BCK51661.1	99.184	245	2	0	1	245	1	245	3.41e-169	460
OPPBIMDH_03618	BCK51640.1	32.653	49	31	1	50	98	1889	1935	2.1	22.7
OPPBIMDH_03618	BCK51643.1	37.209	43	26	1	83	125	3952	3993	2.9	22.3
OPPBIMDH_03618	BCK51633.1	48.000	25	13	0	187	211	4591	4615	4.3	21.6
OPPBIMDH_03618	BCK51642.1	52.632	19	7	1	210	226	2737	2755	4.5	21.6
OPPBIMDH_03618	BCK51642.1	33.333	69	33	3	1	63	3017	3078	5.8	21.2
OPPBIMDH_03619	BCK51662.1	96.250	80	3	0	1	80	1	80	3.93e-54	156
OPPBIMDH_03619	BCK51665.1	32.500	40	19	1	15	46	135	174	3.6	19.2
OPPBIMDH_03619	BCK51655.1	31.373	51	24	2	20	59	94	144	10.0	18.1
OPPBIMDH_03620	BCK51663.1	97.619	126	3	0	1	126	1	126	1.51e-89	249
OPPBIMDH_03620	BCK51648.1	40.909	44	22	2	73	116	3117	3156	2.5	21.2
OPPBIMDH_03620	BCK51633.1	41.860	43	16	2	80	116	1843	1882	8.4	19.2
OPPBIMDH_03620	BCK51646.1	50.000	16	8	0	82	97	1403	1418	8.5	19.2
OPPBIMDH_03620	BCK51667.1	36.000	50	23	2	55	97	199	246	8.7	19.2
OPPBIMDH_03621	BCK51640.1	39.130	69	39	2	169	237	5489	5554	0.24	26.2
OPPBIMDH_03621	BCK51666.1	45.833	24	13	0	291	314	326	349	0.73	24.6
OPPBIMDH_03621	BCK51661.1	30.000	40	28	0	91	130	171	210	1.9	23.1
OPPBIMDH_03622	BCK51629.1	43.478	23	13	0	73	95	1130	1152	2.1	21.6
OPPBIMDH_03622	BCK51633.1	37.288	59	25	4	12	63	3724	3777	4.4	20.4
OPPBIMDH_03622	BCK51633.1	46.667	15	8	0	93	107	3053	3067	9.0	19.6
OPPBIMDH_03622	BCK51645.1	50.000	20	10	0	78	97	3628	3647	7.1	20.0
OPPBIMDH_03622	BCK51646.1	50.000	20	10	0	78	97	2333	2352	7.2	20.0
